Número,Título,Temas Relacionados,Textos Bíblicos Base,Link do Vídeo,YouTube ID
1,Ó Deus de Amor,Adoração | Adoração e Louvor,Gênesis 1:1,https://www.youtube.com/watch?v=ZpmWPU-tbKA,ZpmWPU-tbKA
2,Ó Adorai o Senhor,Adoração | Adoração e Louvor,Salmo 96:9,https://www.youtube.com/watch?v=nL-1Lz8NyQk,nL-1Lz8NyQk
3,O Deus Eterno Reina,Adoração | Adoração e Louvor,Salmo 99:1-3,https://www.youtube.com/watch?v=4mpSS0TTCLw,4mpSS0TTCLw
4,Louvor ao Trino Deus,Adoração | Adoração e Louvor,Salmo 148,https://www.youtube.com/watch?v=2LrBU7TI6S8,2LrBU7TI6S8
5,Supremo Criador,Adoração | Adoração e Louvor,Salmo 105:1-3,https://www.youtube.com/watch?v=JOW46Je8LmI,JOW46Je8LmI
6,Por Belezas Naturais,Adoração | Adoração e Louvor,Salmo 107:1-3,https://www.youtube.com/watch?v=NfhbU3bJSLk,NfhbU3bJSLk
7,Sejas Louvado,Adoração | Adoração e Louvor,Salmo 9:1 e 2,https://www.youtube.com/watch?v=U8hdwxZ-5sA,U8hdwxZ-5sA
8,A Ti Rendemos Glórias,Adoração | Adoração e Louvor,Salmo 106:48,https://www.youtube.com/watch?v=e-QgD8dkuXA,e-QgD8dkuXA
9,Prece ao Trino Deus,Adoração | Adoração e Louvor,Salmo 138,https://www.youtube.com/watch?v=GkZcgaVjP1A,GkZcgaVjP1A
10,Louvemos o Rei,Adoração | Adoração e Louvor,Salmo 146:1 e 2,https://www.youtube.com/watch?v=zcxBP5J8nBE,zcxBP5J8nBE
11,Ao Deus de Abraão Louvai,Adoração | Adoração e Louvor,Êxodo 3:14 e 15,https://www.youtube.com/watch?v=IwGUDQAs_Jg,IwGUDQAs_Jg
12,"Vinde, Povo do Senhor",Adoração | Adoração e Louvor,Salmo 95:1-6,https://www.youtube.com/watch?v=z1fp9CLWh5c,z1fp9CLWh5c
13,"Louvamos-Te, ó Deus",Adoração | Adoração e Louvor,Salmo 113:1 e 2,https://www.youtube.com/watch?v=VCgsgL5l_Ac,VCgsgL5l_Ac
14,Jubilosos Te Adoramos,Adoração | Adoração e Louvor,Salmo 105:1-3,https://www.youtube.com/watch?v=U-RZ3k7GaS8,U-RZ3k7GaS8
15,"Vós, Criaturas do Senhor",Adoração | Adoração e Louvor,Salmo 148,https://www.youtube.com/watch?v=7WhVnn29xd0,7WhVnn29xd0
16,A Deus Demos Glória,Adoração | Adoração e Louvor,Salmo 107:21 e 22,https://www.youtube.com/watch?v=eBbF3EHZ4F0,eBbF3EHZ4F0
17,Nós Te Adoramos,Adoração | Adoração e Louvor,Salmo 95:6,https://www.youtube.com/watch?v=-1Sc0XlpALk,-1Sc0XlpALk
18,Santo! Santo! Santo!,Adoração | Adoração e Louvor,Isaías 6:1-3,https://www.youtube.com/watch?v=F-DP6A8yCnc,F-DP6A8yCnc
19,Ao Coro dos Arcanjos,Adoração | Adoração e Louvor,Salmo 92:1-4,https://www.youtube.com/watch?v=S45QNH2-wfI,S45QNH2-wfI
20,A Ti Toda Glória,Adoração | Adoração e Louvor,I Pedro 1:3-5,https://www.youtube.com/watch?v=AzbmDOR0YRU,AzbmDOR0YRU
21,Vigiar e Orar,Adoração | Culto Matutino,Salmo 55:16 e 17,https://www.youtube.com/watch?v=-1yQASvzmSI,-1yQASvzmSI
22,Bem de Manhã,Adoração | Culto Matutino,Salmo 59:16,https://www.youtube.com/watch?v=gngOLOmL-cs,gngOLOmL-cs
23,De Manhã Bem Cedo Busco,Adoração | Culto Matutino,Salmo 5:3,https://www.youtube.com/watch?v=I-5wdNCFY68,I-5wdNCFY68
24,Desponta o Sol,Adoração | Culto Matutino,Salmo 5:1-3,https://www.youtube.com/watch?v=S2ZaP7FOlK0,S2ZaP7FOlK0
25,Bendito Seja Deus,Adoração | Culto Matutino,Salmo 113:1 e 2,https://www.youtube.com/watch?v=YD4Lw5qvt_0,YD4Lw5qvt_0
26,Luzes da Aurora,Adoração | Culto Matutino,Provérbios 4:18,https://www.youtube.com/watch?v=PwuTMUaJ310,PwuTMUaJ310
27,Perto do Lar,Adoração | Culto Vespertino,Romanos 13:11,https://www.youtube.com/watch?v=48w7gFDpLGg,48w7gFDpLGg
28,Morre o Dia,Adoração | Culto Vespertino,Romanos 13:11,https://www.youtube.com/watch?v=aLXvpDCVsWU,aLXvpDCVsWU
29,Já o Dia Longe Vai,Adoração | Culto Vespertino,Salmo 42:8,https://www.youtube.com/watch?v=Dc1YmqKilGE,Dc1YmqKilGE
30,Hora Feliz do Pôr do Sol,Adoração | Culto Vespertino,Salmo 4:8,https://www.youtube.com/watch?v=8ija5KDckpk,8ija5KDckpk
31,Sublime Amor,"Deus, O Pai",João 15:13,https://www.youtube.com/watch?v=v_-IDAOrxnM,v_-IDAOrxnM
32,Deus é Nosso Pai Amado,"Deus, O Pai",Mateus 6:26-30,https://www.youtube.com/watch?v=vdnbMVX8FHc,vdnbMVX8FHc
33,Castelo Forte,"Deus, O Pai",Salmo 46:1,https://www.youtube.com/watch?v=0gyybnCZoXA,0gyybnCZoXA
34,Quão Grande És Tu,"Deus, O Pai",Salmo 8,https://www.youtube.com/watch?v=FHstxY3GiXM,FHstxY3GiXM
35,"Tu És Fiel, Senhor","Deus, O Pai",Lamentações 3:22 e 23,https://www.youtube.com/watch?v=fdugOeFNesI,fdugOeFNesI
36,O Mundo é de Meu Deus,"Deus, O Pai",Salmo 24:1,https://www.youtube.com/watch?v=4J0__K28mvk,4J0__K28mvk
37,Tudo Que Há em Terra e Mar,"Deus, O Pai",Salmo 19:1-5,https://www.youtube.com/watch?v=ndBeH3ARoJE,ndBeH3ARoJE
38,Encanto Sem Igual,"Deus, O Pai",I João 3:1,https://www.youtube.com/watch?v=_-xzq6JPeKQ,_-xzq6JPeKQ
39,O Céu Azul,"Deus, O Pai",Salmo 19:1-4,https://www.youtube.com/watch?v=icpQDQzNWqA,icpQDQzNWqA
40,Filhos do Pai Celeste,"Deus, O Pai",Salmo 103:13,https://www.youtube.com/watch?v=JZwHAMyC5Mw,JZwHAMyC5Mw
41,Glória ao Rei Que Vos Nasceu,Jesus Cristo | Natal,Lucas 2:13 e 14,https://www.youtube.com/watch?v=ak6gq4vxknA,ak6gq4vxknA
42,Noite de Paz,Jesus Cristo | Natal,Lucas 2:4-7,https://www.youtube.com/watch?v=y3Wa3CInVSk,y3Wa3CInVSk
43,Soou em Meio à Noite Azul,Jesus Cristo | Natal,Lucas 2:13 e 14,https://www.youtube.com/watch?v=UoG2XaeZsJQ,UoG2XaeZsJQ
44,Natal! Feliz Natal!,Jesus Cristo | Natal,Mateus 2:9-11,https://www.youtube.com/watch?v=ptvR3g0G-tE,ptvR3g0G-tE
45,Nasce Jesus,Jesus Cristo | Natal,Lucas 2:8-14,https://www.youtube.com/watch?v=YKtZ3PfA7ro,YKtZ3PfA7ro
46,Estrela de Luz,Jesus Cristo | Natal,Mateus 2:1 e 2,https://www.youtube.com/watch?v=5SsjgFZtenM,5SsjgFZtenM
47,"Belém, Bendita És",Jesus Cristo | Natal,Miqueias 5:2,https://www.youtube.com/watch?v=XAzDe2zFhck,XAzDe2zFhck
48,"Ó Vinde, Adoremos",Jesus Cristo | Natal,Mateus 2:11,https://www.youtube.com/watch?v=r7w0nJrqrr4,r7w0nJrqrr4
49,Surgem Anjos Proclamando,Jesus Cristo | Natal,Lucas 2:13 e 14,https://www.youtube.com/watch?v=sLSC_KtC6bo,sLSC_KtC6bo
50,Num Berço de Palha,Jesus Cristo | Natal,Lucas 2:15 e 16,https://www.youtube.com/watch?v=iem7FQ4SdMQ,iem7FQ4SdMQ
51,Clara Noite,Jesus Cristo | Natal,Lucas 2:4-7,https://www.youtube.com/watch?v=ki1P9NR4TJs,ki1P9NR4TJs
52,Vestido em Linho,Jesus Cristo | Vida e Ministério,Salmo 45:8,https://www.youtube.com/watch?v=QCTRf0NeEpE,QCTRf0NeEpE
53,Conta-me a História de Cristo,Jesus Cristo | Vida e Ministério,Isaías 53:4 e 5,https://www.youtube.com/watch?v=QptNU7H8PWY,QptNU7H8PWY
54,A Doce História,Jesus Cristo | Vida e Ministério,Isaías 53:5,https://www.youtube.com/watch?v=MsIV1WquqUs,MsIV1WquqUs
55,Cantarei a Linda História,Jesus Cristo | Vida e Ministério,I Timóteo 1:14 e 15,https://www.youtube.com/watch?v=zbT33Xr8A4M,zbT33Xr8A4M
56,As Mãos do Senhor,Jesus Cristo | Vida e Ministério,João 20:27,https://www.youtube.com/watch?v=3QrQdSOjx70,3QrQdSOjx70
57,Eu Quisera Andar com Cristo,Jesus Cristo | Vida e Ministério,Mateus 13:17,https://www.youtube.com/watch?v=TMFmuA0pQpM,TMFmuA0pQpM
58,Conta-me a Velha História,Jesus Cristo | Vida e Ministério,João 3:16,https://www.youtube.com/watch?v=8r8bSEOlYd8,8r8bSEOlYd8
59,'Stavas Lá?,Jesus Cristo | Sofrimento e Morte,Marcos 15:21-25,https://www.youtube.com/watch?v=aPoi94TfeFU,aPoi94TfeFU
60,Foi por Você Também,Jesus Cristo | Sofrimento e Morte,Romanos 5:8-10,https://www.youtube.com/watch?v=YXq5twrDoFE,YXq5twrDoFE
61,Ao Ver a Cruz,Jesus Cristo | Sofrimento e Morte,Lucas 23:33-38,https://www.youtube.com/watch?v=jacgdfif4EE,jacgdfif4EE
62,Monte do Calvário,Jesus Cristo | Sofrimento e Morte,João 19:17 e 18,https://www.youtube.com/watch?v=QqEeSvukojQ,QqEeSvukojQ
63,Houve Alguém,Jesus Cristo | Sofrimento e Morte,Filipenses 2:5-8,https://www.youtube.com/watch?v=bIsx8CDvp7o,bIsx8CDvp7o
64,Cristo no Horto,Jesus Cristo | Sofrimento e Morte,Lucas 22:39-44,https://www.youtube.com/watch?v=PH8mEGtd1ok,PH8mEGtd1ok
65,Oh! Fronte Ensanguentada!,Jesus Cristo | Sofrimento e Morte,Mateus 27:29 e 30,https://www.youtube.com/watch?v=Tz-KPP0_PuY,Tz-KPP0_PuY
66,Na Senda do Calvário,Jesus Cristo | Sofrimento e Morte,Mateus 16:24 e 25,https://www.youtube.com/watch?v=FN534PRo_fY,FN534PRo_fY
67,Desceu Lá do Céu,Jesus Cristo | Sofrimento e Morte,Filipenses 2:5-8,https://www.youtube.com/watch?v=SWQmpJ6JK48,SWQmpJ6JK48
68,Quando no Calvário,Jesus Cristo | Sofrimento e Morte,Lucas 23:44-46,https://www.youtube.com/watch?v=XTaIzJ06gtE,XTaIzJ06gtE
69,Cristo Já Ressuscitou,Jesus Cristo | Ressureição e Glorificação,Mateus 28:5-7,https://www.youtube.com/watch?v=BdUFvPY2sZ8,BdUFvPY2sZ8
70,Porque Ele Vive,Jesus Cristo | Ressureição e Glorificação,João 14:19,https://www.youtube.com/watch?v=GqtmhHJWrIA,GqtmhHJWrIA
71,Saudai o Nome de Jesus (I),Jesus Cristo | Ressureição e Glorificação,Apocalipse 5:11-13,https://www.youtube.com/watch?v=cFXfbmBHryM,cFXfbmBHryM
72,Saudai o Nome de Jesus (II),Jesus Cristo | Ressureição e Glorificação,Apocalipse 5:11-13,https://www.youtube.com/watch?v=vJomNrqhfsE,vJomNrqhfsE
73,Rei dos Reis,Jesus Cristo | Ressureição e Glorificação,Apocalipse 17:14,https://www.youtube.com/watch?v=58ji7CP0NZg,58ji7CP0NZg
74,Sempre Vencendo,Jesus Cristo | Ressureição e Glorificação,Apocalipse 6:2,https://www.youtube.com/watch?v=EYXNPNyx0DA,EYXNPNyx0DA
75,Jesus Conquista,Jesus Cristo | Ressureição e Glorificação,Apocalipse 15:2 e 3,https://www.youtube.com/watch?v=-Sv6N6JZst0,-Sv6N6JZst0
76,Louvai a Cristo,Jesus Cristo | Ressureição e Glorificação,Apocalipse 5:11-14,https://www.youtube.com/watch?v=y5TGTI5Y7lI,y5TGTI5Y7lI
77,É Jesus o Salvador,Jesus Cristo | Ressureição e Glorificação,Lucas 2:10 e 11,https://www.youtube.com/watch?v=ZDy0_vFMnR8,ZDy0_vFMnR8
78,Coroai-O Rei dos Reis,Jesus Cristo | Ressureição e Glorificação,Apocalipse 4:10 e 11,https://www.youtube.com/watch?v=pV0BfSzNG3U,pV0BfSzNG3U
79,Glória ao Salvador,Jesus Cristo | Ressureição e Glorificação,I Timóteo 1:15-17,https://www.youtube.com/watch?v=sjdcc6euuVk,sjdcc6euuVk
80,Há Tais Cantos Lá no Céu,Jesus Cristo | Ressureição e Glorificação,Apocalipse 14:2 e 3,https://www.youtube.com/watch?v=WPpgI93BNzc,WPpgI93BNzc
81,Louvores a Meu Rei,Jesus Cristo | Ressureição e Glorificação,Apocalipse 1:5 e 6,https://www.youtube.com/watch?v=IHB7G-BUqf0,IHB7G-BUqf0
82,"Aleluia, Glória a Cristo!",Jesus Cristo | Ressureição e Glorificação,Apocalipse 5:11 e 12,https://www.youtube.com/watch?v=apIKcmIMz_8,apIKcmIMz_8
83,Glórias ao Rei de Amor,Jesus Cristo | Ressureição e Glorificação,Judas 24 e 25,https://www.youtube.com/watch?v=2xL9Yupu6Vo,2xL9Yupu6Vo
84,O Cântico dos Salvos,Jesus Cristo | Ressureição e Glorificação,Apocalipse 15:3,https://www.youtube.com/watch?v=_bYGuNKQo9I,_bYGuNKQo9I
85,"Lindo És, Meu Mestre",Jesus Cristo | Ressureição e Glorificação,Salmo 45:2,https://www.youtube.com/watch?v=RfXzcXN7SYE,RfXzcXN7SYE
86,"Ó Alegrai-vos, Filhos de Sião",Jesus Cristo | Ressureição e Glorificação,I Coríntios 15:54-57,https://www.youtube.com/watch?v=fdUXqFlVHfg,fdUXqFlVHfg
87,O Meu Pastor é o Bom Jesus,Jesus Cristo | Pastor e Amigo,Salmo 23,https://www.youtube.com/watch?v=RUQ7xujFTRc,RUQ7xujFTRc
88,Achei um Grande Amigo,Jesus Cristo | Pastor e Amigo,João 15:14 e 15,https://www.youtube.com/watch?v=BXngtpmVelU,BXngtpmVelU
89,"Meu Redentor, Meu Amigo e Irmão",Jesus Cristo | Pastor e Amigo,João 15:15,https://www.youtube.com/watch?v=YZES9ZcQnIw,YZES9ZcQnIw
90,A Voz de Jesus,Jesus Cristo | Pastor e Amigo,Apocalipse 3:20,https://www.youtube.com/watch?v=uZVKpBkIwQg,uZVKpBkIwQg
91,Jesus é Melhor,Jesus Cristo | Pastor e Amigo,Filipenses 3:7 e 8,https://www.youtube.com/watch?v=xgNFGFDvJTU,xgNFGFDvJTU
92,"Eu Te Amo, Meu Mestre",Jesus Cristo | Pastor e Amigo,João 21:15,https://www.youtube.com/watch?v=Qw21_Ua7UlY,Qw21_Ua7UlY
93,Precioso é Jesus Para Mim,Jesus Cristo | Pastor e Amigo,Filipenses 3:8,https://www.youtube.com/watch?v=_ODwVBawxGk,_ODwVBawxGk
94,Sou de Jesus Agora,Jesus Cristo | Pastor e Amigo,I Coríntios 6:20,https://www.youtube.com/watch?v=0v52y2uVZwQ,0v52y2uVZwQ
95,Cristo é Tudo Para  Mim,Jesus Cristo | Pastor e Amigo,Filipenses 3:7 e 8,https://www.youtube.com/watch?v=BELaI2fuAWs,BELaI2fuAWs
96,A Cristo Eu Amo,Jesus Cristo | Pastor e Amigo,I João 4:14-16,https://www.youtube.com/watch?v=PbebFhh0gWo,PbebFhh0gWo
97,Meu Divino Protetor,Jesus Cristo | Pastor e Amigo,Salmo 46:1-3,https://www.youtube.com/watch?v=nfcH0QuE3jM,nfcH0QuE3jM
98,Por Que me Amou Assim?,Jesus Cristo | Pastor e Amigo,Hebreus 12:2 e 3,https://www.youtube.com/watch?v=EAVdkCW-8Fw,EAVdkCW-8Fw
99,Noventa e Nove Ovelhas,Jesus Cristo | Pastor e Amigo,Lucas 15:4-7,https://www.youtube.com/watch?v=feND34tAkEs,feND34tAkEs
100,Há um Amigo,Jesus Cristo | Pastor e Amigo,Salmo 37:5,https://www.youtube.com/watch?v=gnfVXQdxfzw,gnfVXQdxfzw
101,Não Há Nome Mais Amável,Jesus Cristo | Pastor e Amigo,Salmo 113:1-3,https://www.youtube.com/watch?v=nQX227XIISk,nQX227XIISk
102,Que Grande Amigo!,Jesus Cristo | Pastor e Amigo,Provérbios 18:24,https://www.youtube.com/watch?v=0gi6ZWAeyOs,0gi6ZWAeyOs
103,Nome Precioso,Jesus Cristo | Pastor e Amigo,Isaías 9:6,https://www.youtube.com/watch?v=p8K5HN11-xM,p8K5HN11-xM
104,"Jesus, Teu Nome Satisfaz",Jesus Cristo | Pastor e Amigo,Filipenses 2:9-11,https://www.youtube.com/watch?v=SQuiygNzqHU,SQuiygNzqHU
105,A Terna Voz do Salvador,Jesus Cristo | Pastor e Amigo,Filipenses 2:9 e 11,https://www.youtube.com/watch?v=3W1fVHf0GqA,3W1fVHf0GqA
106,Amigo Mui Precioso,Jesus Cristo | Pastor e Amigo,João 15:14 e 15,https://www.youtube.com/watch?v=43dxiPa6MDA,43dxiPa6MDA
107,Alegrias Vem Trazendo,Jesus Cristo | Pastor e Amigo,Malaquias 4:2,https://www.youtube.com/watch?v=dNRBuVuGEEw,dNRBuVuGEEw
108,Tudo Ele Fez por Mim,Jesus Cristo | Pastor e Amigo,I Timóteo 1:15 e 16,https://www.youtube.com/watch?v=2HP6BtC1ptE,2HP6BtC1ptE
109,Jesus me Transformou,Jesus Cristo | Pastor e Amigo,Salmo 40:1-3,https://www.youtube.com/watch?v=2dSZpYeey9c,2dSZpYeey9c
110,Perfeita Paz,Jesus Cristo | Pastor e Amigo,João 14:27,https://www.youtube.com/watch?v=FQ0sMhBUUTw,FQ0sMhBUUTw
111,Não Há Amigo Igual a Cristo,Jesus Cristo | Pastor e Amigo,João 15:15,https://www.youtube.com/watch?v=qJtPzffB82U,qJtPzffB82U
112,Ele Vive,Jesus Cristo | Pastor e Amigo,Apocalipse 1:17 e 18,https://www.youtube.com/watch?v=5oJDr5PAvQY,5oJDr5PAvQY
113,Amor Glorioso,Jesus Cristo | Pastor e Amigo,Jeremias 31:3,https://www.youtube.com/watch?v=IsddvGZK5ec,IsddvGZK5ec
114,Meu Jesus é Cativante,Jesus Cristo | Pastor e Amigo,Lucas 4:18 e 19,https://www.youtube.com/watch?v=EvtQq6ssAV0,EvtQq6ssAV0
115,Foi Amor,Jesus Cristo | Pastor e Amigo,João 15:13,https://www.youtube.com/watch?v=IyV0Mm7XQkA,IyV0Mm7XQkA
116,De um Nome eu Sei,Jesus Cristo | Pastor e Amigo,Isaías 9:6,https://www.youtube.com/watch?v=nAtRYMoHzLk,nAtRYMoHzLk
117,Se Tu Buscares a Jesus,Jesus Cristo | Pastor e Amigo,Jeremias 29:13,https://www.youtube.com/watch?v=8jZPibdd1U0,8jZPibdd1U0
118,"Jesus, o Bom Amigo",Jesus Cristo | Pastor e Amigo,João 14:1-3,https://www.youtube.com/watch?v=XmuWQajZyCc,XmuWQajZyCc
119,O Melhor Amigo,Jesus Cristo | Pastor e Amigo,João 15:13,https://www.youtube.com/watch?v=wdvQwT8hauQ,wdvQwT8hauQ
120,Amor Que por Amor Desceste,Jesus Cristo | Pastor e Amigo,Jeremias 31:3,https://www.youtube.com/watch?v=TXQBotc7eTs,TXQBotc7eTs
121,Divino Pastor,Jesus Cristo | Pastor e Amigo,João 10:14,https://www.youtube.com/watch?v=d_8Jch2h7p0,d_8Jch2h7p0
122,O Que Penso de Meu Mestre,Jesus Cristo | Pastor e Amigo,Romanos 5:8-11,https://www.youtube.com/watch?v=XWVuNg0eCKY,XWVuNg0eCKY
123,O Amor de Jesus,Jesus Cristo | Pastor e Amigo,João 15:9,https://www.youtube.com/watch?v=swpTVNx9n7M,swpTVNx9n7M
124,Meu Nome em Suas Mãos,Jesus Cristo | Pastor e Amigo,Isaías 49:15 e 16,https://www.youtube.com/watch?v=IhRR3tWNP5U,IhRR3tWNP5U
125,Por Jesus Desprezo o Mundo,Jesus Cristo | Pastor e Amigo,I João 2:17,https://www.youtube.com/watch?v=xGAg_4BT8ZM,xGAg_4BT8ZM
126,"Vigiai, Cristãos",Jesus Cristo | Segunda Vinda,Mateus 25:13,https://www.youtube.com/watch?v=EaAeQKVZb0c,EaAeQKVZb0c
127,Quando Deus Fizer Chamada,Jesus Cristo | Segunda Vinda,Mateus 24:30 e 31,https://www.youtube.com/watch?v=cH74d5X6JWQ,cH74d5X6JWQ
128,O Rei Vem Vindo,Jesus Cristo | Segunda Vinda,Apocalipse 6:14-17,https://www.youtube.com/watch?v=7x0poG8diqA,7x0poG8diqA
129,Nenhum Vale Escuro,Jesus Cristo | Segunda Vinda,Apocalipse 21:3 e 4,https://www.youtube.com/watch?v=lO3Hk2rbY_c,lO3Hk2rbY_c
130,O Rei Vindouro,Jesus Cristo | Segunda Vinda,Apocalipse 14:14 e 15,https://www.youtube.com/watch?v=j1QdaSTZvYs,j1QdaSTZvYs
131,Triunfante Vem Jesus,Jesus Cristo | Segunda Vinda,Apocalipse 14:14-16,https://www.youtube.com/watch?v=iPty5--X9qM,iPty5--X9qM
132,Quando o Rei Vier,Jesus Cristo | Segunda Vinda,Apocalipse 1:7,https://www.youtube.com/watch?v=IFPvwNq384Y,IFPvwNq384Y
133,Cristo Volta Brevemente,Jesus Cristo | Segunda Vinda,Mateus 25:34,https://www.youtube.com/watch?v=dXW-ceQ6urY,dXW-ceQ6urY
134,Breve Jesus Voltará,Jesus Cristo | Segunda Vinda,Apocalipse 22:20,https://www.youtube.com/watch?v=W3hzj7KN3bk,W3hzj7KN3bk
135,"Guarda, Vê se Muito Falta",Jesus Cristo | Segunda Vinda,Isaías 21:11 e 12,https://www.youtube.com/watch?v=1QlZHGuRRZc,1QlZHGuRRZc
136,Cristo não Tarda a Voltar,Jesus Cristo | Segunda Vinda,Mateus 24:32 e 33,https://www.youtube.com/watch?v=phYmXKv4jSk,phYmXKv4jSk
137,Anunciai Pelas Montanhas,Jesus Cristo | Segunda Vinda,Isaías 40:9 e 10,https://www.youtube.com/watch?v=rNIe6fsOHGM,rNIe6fsOHGM
138,A Manhã de Luz,Jesus Cristo | Segunda Vinda,Mateus 24:32-34,https://www.youtube.com/watch?v=8TItGY_CcmQ,8TItGY_CcmQ
139,Jesus à Terra Voltará,Jesus Cristo | Segunda Vinda,Apocalipse 11:15,https://www.youtube.com/watch?v=vdaysGbSxKs,vdaysGbSxKs
140,"Ó Vem, Emanuel!",Jesus Cristo | Segunda Vinda,Mateus 1:23,https://www.youtube.com/watch?v=MF17paxU9mE,MF17paxU9mE
141,O Dia Não Sei,Jesus Cristo | Segunda Vinda,Mateus 24:36,https://www.youtube.com/watch?v=UHDNYSwETaY,UHDNYSwETaY
142,Bela Manhã,Jesus Cristo | Segunda Vinda,Isaías 25:8 e 9,https://www.youtube.com/watch?v=Pg0UFnDunj4,Pg0UFnDunj4
143,Será de Manhã?,Jesus Cristo | Segunda Vinda,Marcos 13:35 e 36,https://www.youtube.com/watch?v=iWDn5Hq8plA,iWDn5Hq8plA
144,O Romper da Alva,Jesus Cristo | Segunda Vinda,Mateus 24:29-33,https://www.youtube.com/watch?v=rmM9yE-ph3Y,rmM9yE-ph3Y
145,Jesus Voltará,Jesus Cristo | Segunda Vinda,João 14:1-3,https://www.youtube.com/watch?v=bURgIm1Mlxs,bURgIm1Mlxs
146,Maranata,Jesus Cristo | Segunda Vinda,I Coríntios 16:22,https://www.youtube.com/watch?v=8h5msMIOXRU,8h5msMIOXRU
147,Nós O Veremos,Jesus Cristo | Segunda Vinda,Isaías 25:9,https://www.youtube.com/watch?v=59iSKssJbuA,59iSKssJbuA
148,Cristo Vem,Jesus Cristo | Segunda Vinda,Apocalipse 11:15,https://www.youtube.com/watch?v=z2xKG_hU8f8,z2xKG_hU8f8
149,Espero a Manhã Radiosa,Jesus Cristo | Segunda Vinda,I Tessalonicenses 4:16-18,https://www.youtube.com/watch?v=tT-NAm9bkmQ,tT-NAm9bkmQ
150,Não Desistir,Jesus Cristo | Segunda Vinda,Mateus 24:10-13,https://www.youtube.com/watch?v=oNHlgEHWpTI,oNHlgEHWpTI
151,Cristo Virá Outra Vez,Jesus Cristo | Segunda Vinda,Apocalipse 3:11,https://www.youtube.com/watch?v=Cb8Tn-AR3pM,Cb8Tn-AR3pM
152,Vencendo Vem Jesus,Jesus Cristo | Segunda Vinda,Apocalipse 11:15,https://www.youtube.com/watch?v=r4w8GYjjFyc,r4w8GYjjFyc
153,Já se Veem os Sinais,Jesus Cristo | Segunda Vinda,Mateus 24:32 e 33,https://www.youtube.com/watch?v=vsRZva2ynSE,vsRZva2ynSE
154,"Ó Vem, Espírito de Amor",Espírito Santo,João 14:25 e 26,https://www.youtube.com/watch?v=pBXY2glyKfg,pBXY2glyKfg
155,Vive em Mim,Espírito Santo,João 3:5-8,https://www.youtube.com/watch?v=DGVcD_679rs,DGVcD_679rs
156,"Vem, Espírito Divino",Espírito Santo,I Coríntios 3:16,https://www.youtube.com/watch?v=-4ZXwtYl064,-4ZXwtYl064
157,O Santo Espírito Desceu,Espírito Santo,Atos 1:8,https://www.youtube.com/watch?v=g1CZlTeVJ04,g1CZlTeVJ04
158,Suave Espírito,Espírito Santo,Gálatas 4:6,https://www.youtube.com/watch?v=DxWDZ8LRfKQ,DxWDZ8LRfKQ
159,Chuvas de Bênçãos,Espírito Santo,Ezequiel 34:26,https://www.youtube.com/watch?v=hiq1hY4o1bg,hiq1hY4o1bg
160,Concede-nos o Espírito,Espírito Santo,João 16:7 e 8,https://www.youtube.com/watch?v=IxvU9JhUlcI,IxvU9JhUlcI
161,"Vem, Santo Espírito, Agora",Espírito Santo,Lucas 11:13,https://www.youtube.com/watch?v=6zEbKmYa9-s,6zEbKmYa9-s
162,Que Diz a Bíblia?,Santa Escritura,Atos 17:11,https://www.youtube.com/watch?v=AaqPHQDp158,AaqPHQDp158
163,Teu Livro É Qual Jardim,Santa Escritura,Salmo 119:105,https://www.youtube.com/watch?v=ZLIWWElVlqg,ZLIWWElVlqg
164,Que Firme Alicerce!,Santa Escritura,II Pedro 1:19,https://www.youtube.com/watch?v=tkaiHqCXXvc,tkaiHqCXXvc
165,Dá-me a Bíblia,Santa Escritura,II Timóteo 3:16 e 17,https://www.youtube.com/watch?v=4Nrb994VB0U,4Nrb994VB0U
166,Novas de Amor e Vida,Santa Escritura,Lucas 2:10 e 11,https://www.youtube.com/watch?v=WLjS-4is8gw,WLjS-4is8gw
167,Vem a Cristo,O Evangelho | Chamado,Mateus 11:28,https://www.youtube.com/watch?v=HCazBdDBisg,HCazBdDBisg
168,A Última Hora,O Evangelho | Chamado,Isaías 1:18-20,https://www.youtube.com/watch?v=wIp0QU98soY,wIp0QU98soY
169,Deixa Entrar o Rei da Glória,O Evangelho | Chamado,Apocalipse 3:20,https://www.youtube.com/watch?v=BN3ZwTsbRKY,BN3ZwTsbRKY
170,Só um Passo,O Evangelho | Chamado,Lucas 15:17-24,https://www.youtube.com/watch?v=YRPgneaLNXo,YRPgneaLNXo
171,Água da Vida,O Evangelho | Chamado,João 4:14,https://www.youtube.com/watch?v=SczdgOwv7d0,SczdgOwv7d0
172,Na Cruz Morri por Ti,O Evangelho | Chamado,Marcos 14:34-38,https://www.youtube.com/watch?v=IElfPrsRir8,IElfPrsRir8
173,Jesus Está Esperando,O Evangelho | Chamado,Apocalipse 3:20,https://www.youtube.com/watch?v=lt19ZzWkClM,lt19ZzWkClM
174,Segue-Me,O Evangelho | Chamado,Mateus 16:24-26,https://www.youtube.com/watch?v=vZxbcWyJYSA,vZxbcWyJYSA
175,Manso e Suave,O Evangelho | Chamado,Mateus 11:28-30,https://www.youtube.com/watch?v=kdXAJikdiP0,kdXAJikdiP0
176,À Tua Porta Cristo Está,O Evangelho | Chamado,Apocalipse 3:20,https://www.youtube.com/watch?v=IKk45TZfFZk,IKk45TZfFZk
177,"Ó Vem, Aflito Coração",O Evangelho | Chamado,Mateus 11:28,https://www.youtube.com/watch?v=U6tKFGdEiGY,U6tKFGdEiGY
178,Amor Sem Igual,O Evangelho | Chamado,João 3:16,https://www.youtube.com/watch?v=j1J7fMuGZ40,j1J7fMuGZ40
179,Vinde a Mim,O Evangelho | Chamado,Mateus 11:28-30,https://www.youtube.com/watch?v=a4-9IGjM-5U,a4-9IGjM-5U
180,Foge Para o Monte,O Evangelho | Chamado,Salmo 121,https://www.youtube.com/watch?v=imLI-dRp1TE,imLI-dRp1TE
181,"Oh, Vinde à Fonte",O Evangelho | Chamado,I João 1:7,https://www.youtube.com/watch?v=PbxMIP627KE,PbxMIP627KE
182,Cristo te Chama,O Evangelho | Chamado,Mateus 11:28 e 29,https://www.youtube.com/watch?v=bjW6_-iQz-E,bjW6_-iQz-E
183,Dá Teu Coração a Jesus,O Evangelho | Chamado,Provérbios 23:26,https://www.youtube.com/watch?v=Jt25NSL-D8s,Jt25NSL-D8s
184,Deixa a Luz do Céu Entrar,O Evangelho | Chamado,João 8:12,https://www.youtube.com/watch?v=6vF6bhu0dGo,6vF6bhu0dGo
185,Já Avaliaste o Preço?,O Evangelho | Chamado,Mateus 16:26,https://www.youtube.com/watch?v=P8EUubuGsXk,P8EUubuGsXk
186,Quem Ouvir as Novas,O Evangelho | Chamado,Isaías 40:9,https://www.youtube.com/watch?v=nzri2G7fw6g,nzri2G7fw6g
187,Ouvi Jesus a me Dizer,O Evangelho | Chamado,Mateus 11:28-30,https://www.youtube.com/watch?v=XDXxPo5VQx0,XDXxPo5VQx0
188,A Nós a Porta Franca Está,O Evangelho | Graça e Redenção,Apocalipse 3:8,https://www.youtube.com/watch?v=BCMmwarvLgA,BCMmwarvLgA
189,Junto à Cruz,O Evangelho | Graça e Redenção,Lucas 23:33 e 34,https://www.youtube.com/watch?v=fkSmqcaAVNg,fkSmqcaAVNg
190,Seu Maravilhoso Olhar,O Evangelho | Graça e Redenção,Lucas 22:61 e 62,https://www.youtube.com/watch?v=OToI0g4svig,OToI0g4svig
191,Quero Estar ao Pé da Cruz,O Evangelho | Graça e Redenção,Gálatas 6:14,https://www.youtube.com/watch?v=AY9Ro9G8ywk,AY9Ro9G8ywk
192,Infinita Graça,O Evangelho | Graça e Redenção,Salmo 51:1 e 2,https://www.youtube.com/watch?v=w97cEhhlZ24,w97cEhhlZ24
193,Creio em Milagres,O Evangelho | Graça e Redenção,Romanos 1:16 e 17,https://www.youtube.com/watch?v=4-RY1Zkn4A8,4-RY1Zkn4A8
194,Teus Pecados Brancos se Farão,O Evangelho | Graça e Redenção,Isaías 1:18,https://www.youtube.com/watch?v=13IiTO_co3Q,13IiTO_co3Q
195,Rocha Eterna,O Evangelho | Graça e Redenção,Isaías 26:4,https://www.youtube.com/watch?v=XIFPPbvNlIg,XIFPPbvNlIg
196,Livre Perdão,O Evangelho | Graça e Redenção,Mateus 9:1-6,https://www.youtube.com/watch?v=vJtCi81XbTU,vJtCi81XbTU
197,Cristo Tocou-me,O Evangelho | Graça e Redenção,Marcos 1:40-42,https://www.youtube.com/watch?v=qR1EG5XBbZg,qR1EG5XBbZg
198,O Maior Milagre,O Evangelho | Graça e Redenção,I Timóteo 1:15,https://www.youtube.com/watch?v=nwdzFMAOSPM,nwdzFMAOSPM
199,Olhai e Vivei,O Evangelho | Graça e Redenção,Isaías 45:22,https://www.youtube.com/watch?v=F6dVq5borQM,F6dVq5borQM
200,Tens Vida em Olhar,O Evangelho | Graça e Redenção,João 3:14 e 15,https://www.youtube.com/watch?v=q37aPPvMKvQ,q37aPPvMKvQ
201,Meu Cálice Transborda,O Evangelho | Graça e Redenção,Salmo 23:5,https://www.youtube.com/watch?v=smOeusfj6fM,smOeusfj6fM
202,Eis uma Fonte,O Evangelho | Graça e Redenção,Zacarias 13:1,https://www.youtube.com/watch?v=o63dA49v_eM,o63dA49v_eM
203,"Ó Jesus, Habita em Mim",O Evangelho | Graça e Redenção,Efésios 3:17-19,https://www.youtube.com/watch?v=VOT65U1pRdg,VOT65U1pRdg
204,Maravilhosa Graça,O Evangelho | Graça e Redenção,Efésios 2:7,https://www.youtube.com/watch?v=TPLYrVaylbk,TPLYrVaylbk
205,Alvo Mais que a Neve,O Evangelho | Graça e Redenção,Isaías 1:18,https://www.youtube.com/watch?v=vAPXpgelqzE,vAPXpgelqzE
206,Seu Sangue Tem Poder,O Evangelho | Graça e Redenção,Efésios 1:6 e 7,https://www.youtube.com/watch?v=rl9sRQaP-J4,rl9sRQaP-J4
207,Vida em Olhar,O Evangelho | Graça e Redenção,João 3:14 e 15,https://www.youtube.com/watch?v=RbLax1v1UfQ,RbLax1v1UfQ
208,Graça Excelsa,O Evangelho | Graça e Redenção,Efésios 2:7,https://www.youtube.com/watch?v=8jzeCd3ML64,8jzeCd3ML64
209,Jesus me Remiu,O Evangelho | Graça e Redenção,Romanos 5:8-11,https://www.youtube.com/watch?v=NPA8kKcAtew,NPA8kKcAtew
210,"Perdão, Poder e Paz",O Evangelho | Graça e Redenção,Romanos 5:1 e 2,https://www.youtube.com/watch?v=wOsRjDJxqkg,wOsRjDJxqkg
211,Rude Cruz,O Evangelho | Graça e Redenção,Gálatas 6:4,https://www.youtube.com/watch?v=z9WD5YT-71A,z9WD5YT-71A
212,Um Novo Nome Lá na Glória,O Evangelho | Graça e Redenção,Apocalipse 2:17,https://www.youtube.com/watch?v=7oxYM5dJ_1w,7oxYM5dJ_1w
213,Graça de Deus,O Evangelho | Graça e Redenção,Tito 2:11,https://www.youtube.com/watch?v=xrfzo7mljtU,xrfzo7mljtU
214,Manancial de Toda Bênção,O Evangelho | Graça e Redenção,Tiago 1:17,https://www.youtube.com/watch?v=2-1gpmiY7jo,2-1gpmiY7jo
215,Remido,O Evangelho | Graça e Redenção,I Pedro 1:18 e 19,https://www.youtube.com/watch?v=Cb2eDgqVzeo,Cb2eDgqVzeo
216,Eu Achei Junto À Cruz,Vida Cristâ | Alegria e Paz,João 7:37 e 38,https://www.youtube.com/watch?v=FH-yHxdnRLs,FH-yHxdnRLs
217,Ando Sempre Alegre,Vida Cristâ | Alegria e Paz,Salmo 16:8 e 9,https://www.youtube.com/watch?v=z-b09UEIZ64,z-b09UEIZ64
218,A Paz de Deus,Vida Cristâ | Alegria e Paz,João 14:27,https://www.youtube.com/watch?v=hCKWhXyLJmc,hCKWhXyLJmc
219,Sempre Alegre,Vida Cristâ | Alegria e Paz,Filipenses 4:4,https://www.youtube.com/watch?v=FSLl1mQnqmI,FSLl1mQnqmI
220,É Prazer Servir a Cristo,Vida Cristâ | Alegria e Paz,João 12:26,https://www.youtube.com/watch?v=vIHKeWexYag,vIHKeWexYag
221,Mui Triste Eu Andava,Vida Cristâ | Alegria e Paz,Colossenses 2:6 e 7,https://www.youtube.com/watch?v=bibIfqK1myk,bibIfqK1myk
222,Oh! Que Belo Hino Deus me Deu,Vida Cristâ | Alegria e Paz,Salmo 40:3,https://www.youtube.com/watch?v=aKGmwsOPBFk,aKGmwsOPBFk
223,Jesus Achou-me,Vida Cristâ | Alegria e Paz,Salmo 40:1-3,https://www.youtube.com/watch?v=r85934uGyiM,r85934uGyiM
224,Satisfeito Estou com Cristo,Vida Cristâ | Alegria e Paz,I Timóteo 1:15-17,https://www.youtube.com/watch?v=1juD-LMx0xU,1juD-LMx0xU
225,Se Tens Amor,Vida Cristâ | Alegria e Paz,I João 4:7,https://www.youtube.com/watch?v=cngRUybJIyA,cngRUybJIyA
226,É Manhã no Coração,Vida Cristâ | Alegria e Paz,Salmo 30:5,https://www.youtube.com/watch?v=FMxREDZdmsA,FMxREDZdmsA
227,"Luz Bendita, Luz Gloriosa",Vida Cristâ | Alegria e Paz,João 8:12,https://www.youtube.com/watch?v=vnLgX005pU0,vnLgX005pU0
228,Eu Ouço um Cantar Divinal,Vida Cristâ | Alegria e Paz,Isaías 26:3,https://www.youtube.com/watch?v=5-UEDoL1_PU,5-UEDoL1_PU
229,Teu Coração em Paz,Vida Cristâ | Alegria e Paz,Salmo 119:165,https://www.youtube.com/watch?v=kMuOjevybKc,kMuOjevybKc
230,Sou Feliz com Jesus,Vida Cristâ | Alegria e Paz,João 14:27,https://www.youtube.com/watch?v=tt3vcA2NOt4,tt3vcA2NOt4
231,Tenho um Hino em Meu Coração,Vida Cristâ | Alegria e Paz,Salmo 40:1-3,https://www.youtube.com/watch?v=k8qgqfrSZxA,k8qgqfrSZxA
232,Cantarei ao Meu Salvador,Vida Cristâ | Alegria e Paz,Apocalipse 5:9 e 10,https://www.youtube.com/watch?v=hCQx6GsIYL0,hCQx6GsIYL0
233,Com Cristo no Meu Coração,Vida Cristâ | Alegria e Paz,Efésios 2:12 e 13,https://www.youtube.com/watch?v=auZosFYd-gI,auZosFYd-gI
234,"Oh, Dia Feliz!",Vida Cristâ | Alegria e Paz,Atos 8:35-39,https://www.youtube.com/watch?v=CUhWOf-Q9gI,CUhWOf-Q9gI
235,Hoje Sou Feliz,Vida Cristâ | Alegria e Paz,Salmo 40:1-3,https://www.youtube.com/watch?v=nNhank5c_js,nNhank5c_js
236,Cantando Vou,Vida Cristâ | Alegria e Paz,Isaías 12:5 e 6,https://www.youtube.com/watch?v=kV5QGsDLLIc,kV5QGsDLLIc
237,Junto ao Bondoso Deus,Vida Cristâ | Alegria e Paz,Salmo 103:11-13,https://www.youtube.com/watch?v=j7GZC2ZxnoI,j7GZC2ZxnoI
238,Amor nos Faz Contentes,Vida Cristâ | Alegria e Paz,João 13:34 e 35,https://www.youtube.com/watch?v=0fNVbwZmtqk,0fNVbwZmtqk
239,"Exulta, Meu Coração",Vida Cristâ | Alegria e Paz,Salmo 66:1 e 2,https://www.youtube.com/watch?v=iUcFHtDHPxo,iUcFHtDHPxo
240,Bendita Segurança,Vida Cristâ | Gratidão e Louvor,Romanos 5:1 e 2,https://www.youtube.com/watch?v=iX_yGlaWB1U,iX_yGlaWB1U
241,Cantarei de Jesus Cristo,Vida Cristâ | Gratidão e Louvor,João 3:17,https://www.youtube.com/watch?v=Ka0X1PJpFq8,Ka0X1PJpFq8
242,"Ó Minh'Alma, a Deus Bendize",Vida Cristâ | Gratidão e Louvor,Salmo 103:1 e 2,https://www.youtube.com/watch?v=bGkIZY06ROU,bGkIZY06ROU
243,"Que Te Darei, Meu Mestre?",Vida Cristâ | Gratidão e Louvor,Salmo 116:12 e 13,https://www.youtube.com/watch?v=RJiqwTyQulc,RJiqwTyQulc
244,Conta as Bênçãos,Vida Cristâ | Gratidão e Louvor,Salmo 40:5,https://www.youtube.com/watch?v=0RfeWS257wE,0RfeWS257wE
245,Gratidão,Vida Cristâ | Gratidão e Louvor,I Coríntios 15:57,https://www.youtube.com/watch?v=7y0xa2PEEHM,7y0xa2PEEHM
246,"Vinde Vós, Fiéis, Cantar",Vida Cristâ | Gratidão e Louvor,Salmo 95:1-6,https://www.youtube.com/watch?v=NlfXH4xz_vQ,NlfXH4xz_vQ
247,Graças,Vida Cristâ | Gratidão e Louvor,Efésios 5:20,https://www.youtube.com/watch?v=FnCmhPh3E7o,FnCmhPh3E7o
248,Desde Que Eu Achei Perdão,Vida Cristâ | Gratidão e Louvor,I Timóteo 1:15-17,https://www.youtube.com/watch?v=G6PVgFhix00,G6PVgFhix00
249,Como Agradecer,Vida Cristâ | Gratidão e Louvor,Salmo 116:12 e 13,https://www.youtube.com/watch?v=zYTw41DfNes,zYTw41DfNes
250,Cantarei de Meu Jesus,Vida Cristâ | Gratidão e Louvor,Efésios 2:4-7,https://www.youtube.com/watch?v=pfHpW6U33EU,pfHpW6U33EU
251,Tem Fé em Deus,Vida Cristâ | Fé e Confiança,Marcos 11:22,https://www.youtube.com/watch?v=lglb_bSCcF4,lglb_bSCcF4
252,Nunca Desanimes,Vida Cristâ | Fé e Confiança,Salmo 37:1-5,https://www.youtube.com/watch?v=Kvtua-5ylCE,Kvtua-5ylCE
253,Minha Esperança,Vida Cristâ | Fé e Confiança,Salmo 37:5,https://www.youtube.com/watch?v=2X0KxAaduic,2X0KxAaduic
254,Não Consentir!,Vida Cristâ | Fé e Confiança,Salmo 42:11,https://www.youtube.com/watch?v=8tKF9i3HCx4,8tKF9i3HCx4
255,"Oh! Eu Não Sei, Senhor",Vida Cristâ | Fé e Confiança,Salmo 37:5,https://www.youtube.com/watch?v=ARLVDCDVcew,ARLVDCDVcew
256,"Ó Salvador, Creio em Ti",Vida Cristâ | Fé e Confiança,João 6:47,https://www.youtube.com/watch?v=eSf6mPxu238,eSf6mPxu238
257,"Ó Minh'Alma, Espera",Vida Cristâ | Fé e Confiança,Salmo 62:1 e 2,https://www.youtube.com/watch?v=yxGLHvnVPPc,yxGLHvnVPPc
258,Fé dos Nossos Pais,Vida Cristâ | Fé e Confiança,Salmo 22:4 e 5,https://www.youtube.com/watch?v=abwJcexNTpI,abwJcexNTpI
259,Eu Sei em Quem Tenho Crido,Vida Cristâ | Fé e Confiança,II Timóteo 1:12,https://www.youtube.com/watch?v=bz1fMJoq9HQ,bz1fMJoq9HQ
260,Jesus Contemplará a Fé,Vida Cristâ | Fé e Confiança,Salmo 40:5,https://www.youtube.com/watch?v=iud0KYTbtUQ,iud0KYTbtUQ
261,Fé é a Vitória,Vida Cristâ | Fé e Confiança,I João 5:4,https://www.youtube.com/watch?v=fNT_lJP_huw,fNT_lJP_huw
262,Minha Fé Bem Segura Está,Vida Cristâ | Fé e Confiança,I João 5:4,https://www.youtube.com/watch?v=a4QjvObZl6k,a4QjvObZl6k
263,Deus é Sabedor,Vida Cristâ | Fé e Confiança,Mateus 10:29-31,https://www.youtube.com/watch?v=tucb6RSnC3E,tucb6RSnC3E
264,Um Dia Ele Esclarecerá,Vida Cristâ | Fé e Confiança,Romanos 8:18 e 19,https://www.youtube.com/watch?v=ArHxyeKVhTs,ArHxyeKVhTs
265,Eu Creio,Vida Cristâ | Fé e Confiança,Marcos 9:23 e 24,https://www.youtube.com/watch?v=wM0CPpsQ4jU,wM0CPpsQ4jU
266,Conformação,Vida Cristâ | Fé e Confiança,I Pedro 4:12 e 13,https://www.youtube.com/watch?v=YPVhZaAnrow,YPVhZaAnrow
267,Aprendi o Bom Segredo,Vida Cristâ | Fé e Confiança,Gálatas 2:20,https://www.youtube.com/watch?v=NhIi8wjN6IE,NhIi8wjN6IE
268,Suas Promessas,Vida Cristâ | Fé e Confiança,II Pedro 1:3 e 4,https://www.youtube.com/watch?v=NeZbkn7g0g8,NeZbkn7g0g8
269,Eu Sei Que Vive o Redentor,Vida Cristâ | Fé e Confiança,Jó 19:25 e 26,https://www.youtube.com/watch?v=x0ZRbHuoslI,x0ZRbHuoslI
270,A Fé em Deus,Vida Cristâ | Fé e Confiança,Hebreus 11:32-40,https://www.youtube.com/watch?v=rh8LZPBtLJk,rh8LZPBtLJk
271,Que Prazer é Ser de Cristo,Vida Cristâ | Fé e Confiança,João 6:47,https://www.youtube.com/watch?v=f_sZVO2sEA0,f_sZVO2sEA0
272,Olha com Fé Para Cima,Vida Cristâ | Fé e Confiança,Salmo 121,https://www.youtube.com/watch?v=DfLqF-5uRlA,DfLqF-5uRlA
273,Confia em Deus,Vida Cristâ | Fé e Confiança,Salmo 37:5,https://www.youtube.com/watch?v=jOlOVrs-1Jk,jOlOVrs-1Jk
274,Firme nas Promessas,Vida Cristâ | Fé e Confiança,II Pedro 1:3 e 4,https://www.youtube.com/watch?v=5Ro6uLZYa78,5Ro6uLZYa78
275,Qual Firme Cedro,Vida Cristâ | Fé e Confiança,Salmo 92:12,https://www.youtube.com/watch?v=JEjGeFkSXhk,JEjGeFkSXhk
276,Prece Vespertina,Vida Cristâ | Consagração e Lealdade,Salmo 139:23 e 24,https://www.youtube.com/watch?v=aeKEpY7PD4s,aeKEpY7PD4s
277,"Jesus, Eu Venho a Ti",Vida Cristâ | Consagração e Lealdade,Lucas 18:13,https://www.youtube.com/watch?v=EHY2pwC597g,EHY2pwC597g
278,Tal Qual Estou,Vida Cristâ | Consagração e Lealdade,Salmo 103:13 e 14,https://www.youtube.com/watch?v=7GIbyOSXUms,7GIbyOSXUms
279,Viver por Cristo,Vida Cristâ | Consagração e Lealdade,Romanos 1:16 e 17,https://www.youtube.com/watch?v=N4_VwTAjM-M,N4_VwTAjM-M
280,O Mestre nos Chama,Vida Cristâ | Consagração e Lealdade,João 12:26,https://www.youtube.com/watch?v=OfgS6uhRgYc,OfgS6uhRgYc
281,"Eu Venho a Ti, Senhor",Vida Cristâ | Consagração e Lealdade,Salmo 40:1-3,https://www.youtube.com/watch?v=XtW7p-ruTbk,XtW7p-ruTbk
282,Tempo de Ser Santo,Vida Cristâ | Consagração e Lealdade,II Pedro 1:5-8,https://www.youtube.com/watch?v=C-Mf2uiKdUo,C-Mf2uiKdUo
283,No Querer de Deus,Vida Cristâ | Consagração e Lealdade,Mateus 26:39,https://www.youtube.com/watch?v=zcvOl9Dahm4,zcvOl9Dahm4
284,Tudo por Cristo,Vida Cristâ | Consagração e Lealdade,Filipenses 3:8,https://www.youtube.com/watch?v=FwblOqwsajI,FwblOqwsajI
285,Pertenço a Cristo,Vida Cristâ | Consagração e Lealdade,Filipenses 3:7 e 8,https://www.youtube.com/watch?v=RJToWI1l0lc,RJToWI1l0lc
286,"Pai, Eu me Achego a Ti",Vida Cristâ | Consagração e Lealdade,Isaías 55:6 e 7,https://www.youtube.com/watch?v=TxeC5C6mLTA,TxeC5C6mLTA
287,Minha Entrega,Vida Cristâ | Consagração e Lealdade,Filipenses 4:13,https://www.youtube.com/watch?v=kNKsmtVGu4I,kNKsmtVGu4I
288,Ser Igual a Cristo,Vida Cristâ | Consagração e Lealdade,Filipenses 2:5-9,https://www.youtube.com/watch?v=Aqu3CVAm0VY,Aqu3CVAm0VY
289,Mais Perto da Tua Cruz,Vida Cristâ | Consagração e Lealdade,Lucas 10:41 e 42,https://www.youtube.com/watch?v=3YWBdMsvDh8,3YWBdMsvDh8
290,"Jesus, Sempre Te Amo",Vida Cristâ | Consagração e Lealdade,João 14:21,https://www.youtube.com/watch?v=hAawbqVizfg,hAawbqVizfg
291,Muitos Há Que me Contemplam,Vida Cristâ | Consagração e Lealdade,Hebreus 12:1 e 2,https://www.youtube.com/watch?v=R4Q-8CK5eMk,R4Q-8CK5eMk
292,Onde Quer Que Seja,Vida Cristâ | Consagração e Lealdade,Isaías 6:8,https://www.youtube.com/watch?v=HME-WAuamIc,HME-WAuamIc
293,Teu Divinal Amor,Vida Cristâ | Consagração e Lealdade,João 3:17,https://www.youtube.com/watch?v=kDJTNcJgsm0,kDJTNcJgsm0
294,"Não Eu, Mas Cristo",Vida Cristâ | Consagração e Lealdade,Gálatas 2:19 e 20,https://www.youtube.com/watch?v=WWilTQHMAqU,WWilTQHMAqU
295,Tudo Entregarei,Vida Cristâ | Consagração e Lealdade,Salmo 116:12-14,https://www.youtube.com/watch?v=V7bMVGiclCU,V7bMVGiclCU
296,Que Faria Cristo?,Vida Cristâ | Consagração e Lealdade,I João 2:5 e 6,https://www.youtube.com/watch?v=ei_AUC_XwCE,ei_AUC_XwCE
297,Minha Cruz,Vida Cristâ | Consagração e Lealdade,Mateus 16:24,https://www.youtube.com/watch?v=qvLKALbG31E,qvLKALbG31E
298,"Toma, ó Deus, Meu Coração",Vida Cristâ | Consagração e Lealdade,Salmo 139:23 e 24,https://www.youtube.com/watch?v=EpqsMzpQcT0,EpqsMzpQcT0
299,Eis-nos Prontos,Vida Cristâ | Consagração e Lealdade,Lucas 22:39-46,https://www.youtube.com/watch?v=0Lad5A_l7g4,0Lad5A_l7g4
300,Herdeiro do Reino,Vida Cristâ | Consagração e Lealdade,Romanos 13:11,https://www.youtube.com/watch?v=93ALkjrlFlY,93ALkjrlFlY
301,Crer e Observar,Vida Cristâ | Consagração e Lealdade,Mateus 7:24 e 25,https://www.youtube.com/watch?v=2qaagtwHSTA,2qaagtwHSTA
302,Minha Oração,Vida Cristâ | Consagração e Lealdade,Filipenses 4:13,https://www.youtube.com/watch?v=st5Lmi-Bd7M,st5Lmi-Bd7M
303,Se Cristo For Comigo,Vida Cristâ | Consagração e Lealdade,Salmo 126:6,https://www.youtube.com/watch?v=-Lb439D6syA,-Lb439D6syA
304,Veem os Outros Cristo em Ti?,Vida Cristâ | Consagração e Lealdade,II Coríntios 3:2 e 3,https://www.youtube.com/watch?v=yVNMj8vO99o,yVNMj8vO99o
305,O Teu Querer,Vida Cristâ | Consagração e Lealdade,João 2:5,https://www.youtube.com/watch?v=pVBRCx-ZvOk,pVBRCx-ZvOk
306,"Diz, Senhor",Vida Cristâ | Serviço Cristão,Isaías 6:8,https://www.youtube.com/watch?v=lPIDZwNN_Xw,lPIDZwNN_Xw
307,Cristo nos Conclama,Vida Cristâ | Serviço Cristão,João 9:4,https://www.youtube.com/watch?v=NuQr244cW20,NuQr244cW20
308,Brilha no Meio do Teu Viver,Vida Cristâ | Serviço Cristão,Mateus 5:14-16,https://www.youtube.com/watch?v=Tz8UrYi8bn8,Tz8UrYi8bn8
309,Vamos à Colheita,Vida Cristâ | Serviço Cristão,João 4:35 e 36,https://www.youtube.com/watch?v=2_3yqysrpKc,2_3yqysrpKc
310,O Mestre Chama,Vida Cristâ | Serviço Cristão,Mateus 9:37 e 38,https://www.youtube.com/watch?v=X_JmsXDWfVQ,X_JmsXDWfVQ
311,Dai-nos Luz,Vida Cristâ | Serviço Cristão,Isaías 60:1-3,https://www.youtube.com/watch?v=oxvMq2TONVs,oxvMq2TONVs
312,Havemos de Colher,Vida Cristâ | Serviço Cristão,Salmo 126:6,https://www.youtube.com/watch?v=xDpdUra9t9E,xDpdUra9t9E
313,A Grande Comissão,Vida Cristâ | Serviço Cristão,Mateus 28:18-20,https://www.youtube.com/watch?v=9nxyVQ5y0cc,9nxyVQ5y0cc
314,"Guarda, Faz Troar ao Longe",Vida Cristâ | Serviço Cristão,Isaías 52:7 e 8,https://www.youtube.com/watch?v=CdOIINA6M8w,CdOIINA6M8w
315,Hoje Ajuda a Alguém,Vida Cristâ | Serviço Cristão,Tiago 2:14-17,https://www.youtube.com/watch?v=xCMvGv5ISss,xCMvGv5ISss
316,Não me Falaram de Cristo,Vida Cristâ | Serviço Cristão,Salmo 142:4,https://www.youtube.com/watch?v=yFencmJ-Tvs,yFencmJ-Tvs
317,Sobre o Altar,Vida Cristâ | Serviço Cristão,Apocalipse 8:3,https://www.youtube.com/watch?v=b6k1rx6O9dA,b6k1rx6O9dA
318,Servi Alegremente,Vida Cristâ | Serviço Cristão,Salmo 100:2,https://www.youtube.com/watch?v=IkldA8mXogw,IkldA8mXogw
319,Mãos ao Trabalho,Vida Cristâ | Serviço Cristão,João 9:4,https://www.youtube.com/watch?v=uuqIQtfmsG0,uuqIQtfmsG0
320,A Todo Semelhante Meu,Vida Cristâ | Serviço Cristão,Mateus 28:19,https://www.youtube.com/watch?v=6yTsPp3d48I,6yTsPp3d48I
321,Ao Mundo Vou Contar,Vida Cristâ | Serviço Cristão,Mateus 10:32,https://www.youtube.com/watch?v=cL0XsNfcz10,cL0XsNfcz10
322,No Serviço do Meu Rei,Vida Cristâ | Serviço Cristão,João 4:34-36,https://www.youtube.com/watch?v=-MIguuUWiJs,-MIguuUWiJs
323,Eis de Cristo a Voz Que Chama,Vida Cristâ | Serviço Cristão,Mateus 9:37 e 38,https://www.youtube.com/watch?v=9lxQlmZJIOc,9lxQlmZJIOc
324,Mãos,Vida Cristâ | Serviço Cristão,Mateus 20:27 e 28,https://www.youtube.com/watch?v=PAfyZQVccdQ,PAfyZQVccdQ
325,As Novas do Evangelho,Vida Cristâ | Serviço Cristão,Isaías 40:9,https://www.youtube.com/watch?v=KtCKF2Xevbc,KtCKF2Xevbc
326,Vaso de Bênção,Vida Cristâ | Serviço Cristão,Atos 9:15,https://www.youtube.com/watch?v=fOxtIAgU0ZI,fOxtIAgU0ZI
327,Mensagem ao Mundo,Vida Cristâ | Serviço Cristão,Mateus 28:18-20,https://www.youtube.com/watch?v=FyMnJPFel8Q,FyMnJPFel8Q
328,Ide!,Vida Cristâ | Serviço Cristão,Mateus 28:18-20,https://www.youtube.com/watch?v=lhkogrdM6b0,lhkogrdM6b0
329,Trabalho Cristão,Vida Cristâ | Serviço Cristão,João 9:4,https://www.youtube.com/watch?v=jX7KyZolqgw,jX7KyZolqgw
330,Trabalhar e Orar,Vida Cristâ | Serviço Cristão,João 9:4,https://www.youtube.com/watch?v=unRVDOeSw9M,unRVDOeSw9M
331,As Searas Maduras,Vida Cristâ | Serviço Cristão,João 4:35 e 36,https://www.youtube.com/watch?v=tAqxDCHJwSI,tAqxDCHJwSI
332,Compensa Servir a Jesus,Vida Cristâ | Serviço Cristão,Mateus 19:27-29,https://www.youtube.com/watch?v=YO-2n17x1OI,YO-2n17x1OI
333,Há um Dever,Vida Cristâ | Serviço Cristão,Marcos 16:15,https://www.youtube.com/watch?v=AWgB0uwpxWk,AWgB0uwpxWk
334,Sou Peregrino e Forasteiro,Vida Cristâ | Peregrinação,Hebreus 11:13-16,https://www.youtube.com/watch?v=87V_H9gFIk8,87V_H9gFIk8
335,Oh! Quão Doces as Novas,Vida Cristâ | Peregrinação,Hebreus 11:13-16,https://www.youtube.com/watch?v=DZ20HTOLK_4,DZ20HTOLK_4
336,Almejo o Lar,Vida Cristâ | Peregrinação,Apocalipse 21:1-4,https://www.youtube.com/watch?v=CNiY7mwFdOE,CNiY7mwFdOE
337,Sou Forasteiro Aqui,Vida Cristâ | Peregrinação,Hebreus 11:13-16,https://www.youtube.com/watch?v=3AkPxzl-554,3AkPxzl-554
338,Brilho Celeste,Vida Cristâ | Peregrinação,Salmo 34:4 e 5,https://www.youtube.com/watch?v=OMt7qT2UA_I,OMt7qT2UA_I
339,Inda é Longe Canaã?,Vida Cristâ | Peregrinação,Deuteronômio 31:6-8,https://www.youtube.com/watch?v=zQ4k-YKBsDE,zQ4k-YKBsDE
340,Saudade,Vida Cristâ | Peregrinação,Isaías 65:17 e 18,https://www.youtube.com/watch?v=QnipniYKMJo,QnipniYKMJo
341,Vinde Fiéis,Vida Cristâ | Peregrinação,Mateus 25:34,https://www.youtube.com/watch?v=Y_f3z7l356k,Y_f3z7l356k
342,Grande Comandante,Vida Cristâ | Luta,Josué 1:9,https://www.youtube.com/watch?v=Hq-PlcHW5V0,Hq-PlcHW5V0
343,Vamos Batalhar,Vida Cristâ | Luta,Salmo 144:1 e 2,https://www.youtube.com/watch?v=zAmgVdNlhtE,zAmgVdNlhtE
344,"Ó Cristãos, Avante!",Vida Cristâ | Luta,Efésios 6:10-12,https://www.youtube.com/watch?v=SHwtUvRyv_8,SHwtUvRyv_8
345,Lutai por Cristo,Vida Cristâ | Luta,I Coríntios 9:25,https://www.youtube.com/watch?v=tXiKFnrXbFY,tXiKFnrXbFY
346,"Cristãos, Despertai!",Vida Cristâ | Luta,Efésios 6:10-17,https://www.youtube.com/watch?v=--CDnHFBdPM,--CDnHFBdPM
347,O Pendão Real,Vida Cristâ | Luta,Salmo 20:5,https://www.youtube.com/watch?v=-SqZtyhNtGg,-SqZtyhNtGg
348,Quantos Fiéis Descansam do Labor,Vida Cristâ | Luta,Hebreus 11:39 e 40,https://www.youtube.com/watch?v=Wyy2HIgaV_E,Wyy2HIgaV_E
349,Consolação,Vida Cristâ | Consolo e Segurança,II Tessalonicenses 2:16 e 17,https://www.youtube.com/watch?v=E_oHLfoDXYk,E_oHLfoDXYk
350,Eu Pertenço ao Meu Rei,Vida Cristâ | Consolo e Segurança,I Coríntios 6:19 e 20,https://www.youtube.com/watch?v=annVKeeqclM,annVKeeqclM
351,Nunca me Deixar,Vida Cristâ | Consolo e Segurança,Isaías 41:13 e 14,https://www.youtube.com/watch?v=FXp4Iww_7BU,FXp4Iww_7BU
352,Meu Refúgio Está no Monte,Vida Cristâ | Consolo e Segurança,Mateus 14:23,https://www.youtube.com/watch?v=OXhhN0qT_EM,OXhhN0qT_EM
353,Meu Jesus me Guia Sempre,Vida Cristâ | Consolo e Segurança,Isaías 58:11,https://www.youtube.com/watch?v=YLahsevAWDk,YLahsevAWDk
354,Entrega a Deus,Vida Cristâ | Consolo e Segurança,Salmo 55:22,https://www.youtube.com/watch?v=CtOjrIENEBU,CtOjrIENEBU
355,"Oh, Não Temas, Sou Contigo",Vida Cristâ | Consolo e Segurança,Isaías 41:10,https://www.youtube.com/watch?v=L0O9LwSnic0,L0O9LwSnic0
356,"Conduze-me, Meu Mestre",Vida Cristâ | Consolo e Segurança,Isaías 58:11,https://www.youtube.com/watch?v=Xc_7X0xFUPo,Xc_7X0xFUPo
357,Sob Suas Asas,Vida Cristâ | Consolo e Segurança,Salmo 91:1-4,https://www.youtube.com/watch?v=ZErbbA3ZdEQ,ZErbbA3ZdEQ
358,"Guia, Cristo, Minha Nau",Vida Cristâ | Consolo e Segurança,Mateus 8:23-27,https://www.youtube.com/watch?v=KcY3_LWjdPk,KcY3_LWjdPk
359,Dia a Dia,Vida Cristâ | Consolo e Segurança,Salmo 68:19,https://www.youtube.com/watch?v=Al0QoOUoYOk,Al0QoOUoYOk
360,Fixa Teus Olhos no Mestre,Vida Cristâ | Consolo e Segurança,Salmo 42:11,https://www.youtube.com/watch?v=3JRkiDbhSzU,3JRkiDbhSzU
361,Ó Tu Que Aflito Estás,Vida Cristâ | Consolo e Segurança,Mateus 11:28-30,https://www.youtube.com/watch?v=aUCrezHZKnY,aUCrezHZKnY
362,Cristo Ajudará,Vida Cristâ | Consolo e Segurança,Isaías 41:10,https://www.youtube.com/watch?v=arMDqVUj4tY,arMDqVUj4tY
363,Terra de Beulá,Vida Cristâ | Consolo e Segurança,Isaías 62:4 e 5,https://www.youtube.com/watch?v=JGQ4Hp_UphU,JGQ4Hp_UphU
364,Sombras,Vida Cristâ | Consolo e Segurança,João 8:12,https://www.youtube.com/watch?v=XBkQIpGosdE,XBkQIpGosdE
365,Vede o Lírio a Florescer,Vida Cristâ | Consolo e Segurança,Mateus 6:28 e 29,https://www.youtube.com/watch?v=kvVZl0r267Q,kvVZl0r267Q
366,O Anjo do Senhor,Vida Cristâ | Consolo e Segurança,Salmo 34:7,https://www.youtube.com/watch?v=BBgtxbeQ_ds,BBgtxbeQ_ds
367,Ao Passares Pelas Águas,Vida Cristâ | Consolo e Segurança,Isaías 43:1 e 2,https://www.youtube.com/watch?v=WhR4aBB5ANs,WhR4aBB5ANs
368,Mágoas,Vida Cristâ | Consolo e Segurança,I Pedro 5:7,https://www.youtube.com/watch?v=FJhsercORFg,FJhsercORFg
369,Segura Minha Mão,Vida Cristâ | Consolo e Segurança,Salmo 73:23 e 24,https://www.youtube.com/watch?v=X4md3LZVUiI,X4md3LZVUiI
370,Cada Momento,Vida Cristâ | Consolo e Segurança,Salmo 68:19,https://www.youtube.com/watch?v=JWco49RGGa8,JWco49RGGa8
371,Cuidará de Mim Também,Vida Cristâ | Consolo e Segurança,Mateus 6:26,https://www.youtube.com/watch?v=eG3341JXVZA,eG3341JXVZA
372,Meu Jesus me Guia os Passos,Vida Cristâ | Consolo e Segurança,Jeremias 10:23,https://www.youtube.com/watch?v=hvfBTQINoTw,hvfBTQINoTw
373,Deus Cuidará de Ti,Vida Cristâ | Consolo e Segurança,Salmo 40:17,https://www.youtube.com/watch?v=rbKqlJ7lSME,rbKqlJ7lSME
374,Abrigo na Rocha,Vida Cristâ | Consolo e Segurança,Salmo 31:2 e 3,https://www.youtube.com/watch?v=gkNlJfNSRa4,gkNlJfNSRa4
375,Ao Tomar Minha Frágil Mão,Vida Cristâ | Consolo e Segurança,Isaías 41:13 e 14,https://www.youtube.com/watch?v=ceX1HOMGCuM,ceX1HOMGCuM
376,"Guia-me, Meu Salvador",Vida Cristâ | Consolo e Segurança,Salmo 48:14,https://www.youtube.com/watch?v=LkF8t6P9-Uk,LkF8t6P9-Uk
377,Refúgio em Temporal,Vida Cristâ | Consolo e Segurança,Salmo 46:1 e 2,https://www.youtube.com/watch?v=oVUZ14P4x0M,oVUZ14P4x0M
378,Alguém me Vê,Vida Cristâ | Consolo e Segurança,Gênesis 16:13 e 14,https://www.youtube.com/watch?v=21-pdZUedu4,21-pdZUedu4
379,"Ó Mestre, o Mar se Revolta",Vida Cristâ | Consolo e Segurança,Mateus 8:23-27,https://www.youtube.com/watch?v=KZLKdkGThdg,KZLKdkGThdg
380,Ó Amante de Minh'Alma,Vida Cristâ | Consolo e Segurança,João 15:9,https://www.youtube.com/watch?v=pGa1SoW5GQM,pGa1SoW5GQM
381,Jesus Proverá,Vida Cristâ | Consolo e Segurança,Gênesis 22:7 e 8,https://www.youtube.com/watch?v=sxV5vXb245Y,sxV5vXb245Y
382,Não Ando Só,Vida Cristâ | Consolo e Segurança,Isaías 41:10,https://www.youtube.com/watch?v=IQiQ1pRex90,IQiQ1pRex90
383,Importará?,Vida Cristâ | Consolo e Segurança,Mateus 10:29-31,https://www.youtube.com/watch?v=cu50XKBydZA,cu50XKBydZA
384,Jesus me Guia,Vida Cristâ | Consolo e Segurança,Isaías 58:11,https://www.youtube.com/watch?v=Vfvwvyy4ccU,Vfvwvyy4ccU
385,Deus Está nas Sombras,Vida Cristâ | Consolo e Segurança,I Pedro 5:7,https://www.youtube.com/watch?v=Jw9YVAKYV8g,Jw9YVAKYV8g
386,Nunca te Deixarei,Vida Cristâ | Consolo e Segurança,Isaías 41:10,https://www.youtube.com/watch?v=mprYm5FBdYw,mprYm5FBdYw
387,Deus vos Guarde,Vida Cristâ | Consolo e Segurança,Números 6:24-26,https://www.youtube.com/watch?v=U5sDYyeprEA,U5sDYyeprEA
388,"Vem, Alma Cansada",Vida Cristâ | Consolo e Segurança,Mateus 11:28-30,https://www.youtube.com/watch?v=VzRl0J60oYU,VzRl0J60oYU
389,Nas Agruras Desta Vida,Vida Cristâ | Consolo e Segurança,Salmo 37:3-5,https://www.youtube.com/watch?v=v4lpxAbJlPA,v4lpxAbJlPA
390,Olhando Para Cima,Vida Cristâ | Consolo e Segurança,Isaías 45:22,https://www.youtube.com/watch?v=CI3oAsIFWEI,CI3oAsIFWEI
391,Cada Vez Mais Puro,Vida Cristâ | Petição,Salmo 51:10,https://www.youtube.com/watch?v=MmFWYId4WI4,MmFWYId4WI4
392,Bem Junto a Cristo,Vida Cristâ | Petição,João 15:9,https://www.youtube.com/watch?v=wwHoreSTbZU,wwHoreSTbZU
393,Sentado às Ribas d'Água Viva,Vida Cristâ | Petição,Isaías 44:3 e 4,https://www.youtube.com/watch?v=kcoMRI0TX5E,kcoMRI0TX5E
394,"De Ti Careço, ó Deus",Vida Cristâ | Petição,Salmo 42:1 e 2,https://www.youtube.com/watch?v=mJFHbym1jmY,mJFHbym1jmY
395,"Jesus, Pastor Amado",Vida Cristâ | Petição,João 10:14,https://www.youtube.com/watch?v=x-DYqpYF_VM,x-DYqpYF_VM
396,"Ouve-nos, Pastor Divino",Vida Cristâ | Petição,João 10:14 e 15,https://www.youtube.com/watch?v=BasNNpty3t8,BasNNpty3t8
397,Comigo Habita,Vida Cristâ | Petição,Lucas 24:28 e 29,https://www.youtube.com/watch?v=jh2hc1KG-w0,jh2hc1KG-w0
398,"Sonda-me, ó Deus",Vida Cristâ | Petição,Salmo 139:23 e 24,https://www.youtube.com/watch?v=GGNUEiaVtxM,GGNUEiaVtxM
399,Salva-me Também,Vida Cristâ | Petição,Mateus 15:21-28,https://www.youtube.com/watch?v=EUOzT8uU9BA,EUOzT8uU9BA
400,Quero Ter Jesus Comigo,Vida Cristâ | Petição,Romanos 8:35-39,https://www.youtube.com/watch?v=2JbSue2qydk,2JbSue2qydk
401,"Abre, Senhor, os Olhos Meus",Vida Cristâ | Petição,Mateus 20:29-34,https://www.youtube.com/watch?v=xg_0xib3lEk,xg_0xib3lEk
402,Fala à Minh'Alma,Vida Cristâ | Petição,I Samuel 3:9 e 10,https://www.youtube.com/watch?v=79RL0DP6HuI,79RL0DP6HuI
403,Mais de Cristo,Vida Cristâ | Petição,João 15:7-9,https://www.youtube.com/watch?v=YsRA8bZnb8w,YsRA8bZnb8w
404,"Ó Deus, Contigo Almejo Andar",Vida Cristâ | Petição,Gênesis 5:24,https://www.youtube.com/watch?v=pSZ1MCr_474,pSZ1MCr_474
405,"Vem, Jesus, nos Despertar",Vida Cristâ | Petição,Romanos 13:11 e 12,https://www.youtube.com/watch?v=GfGyWwza6do,GfGyWwza6do
406,Em Mim Vem Habitar,Vida Cristâ | Petição,João 14:23,https://www.youtube.com/watch?v=vk6sgBSLBig,vk6sgBSLBig
407,Ao Teu Lado Quero Andar,Vida Cristâ | Petição,Salmo 40:17,https://www.youtube.com/watch?v=Q2nnCVhsHhA,Q2nnCVhsHhA
408,Dá-me Tua Paz,Vida Cristâ | Petição,João 14:27,https://www.youtube.com/watch?v=entFrm2-mOk,entFrm2-mOk
409,Rosa de Sarom,Vida Cristâ | Petição,Cantares 2:1,https://www.youtube.com/watch?v=599daywNdes,599daywNdes
410,Faz Brilhar a Tua Luz,Vida Cristâ | Petição,João 8:12,https://www.youtube.com/watch?v=8xjWQqifev4,8xjWQqifev4
411,Súplica,Vida Cristâ | Petição,Salmo 25:5,https://www.youtube.com/watch?v=6zegzcrGC0s,6zegzcrGC0s
412,Comunhão Preciosa,Vida Cristâ | Oração e Comunhão,Salmo 31:19 e 20,https://www.youtube.com/watch?v=bZCXgROTP_c,bZCXgROTP_c
413,Lugar de Paz,Vida Cristâ | Oração e Comunhão,Marcos 6:31,https://www.youtube.com/watch?v=dwVj93ZnoKs,dwVj93ZnoKs
414,Santa Hora de Oração,Vida Cristâ | Oração e Comunhão,Mateus 14:23,https://www.youtube.com/watch?v=-EQqSkdMdxA,-EQqSkdMdxA
415,"Só, com Teu Deus",Vida Cristâ | Oração e Comunhão,Gênesis 32:24-28,https://www.youtube.com/watch?v=dM2oBqrKG1I,dM2oBqrKG1I
416,Ao Pé da Cruz de Cristo,Vida Cristâ | Oração e Comunhão,Gálatas 6:14,https://www.youtube.com/watch?v=fcZMCkbgwM8,fcZMCkbgwM8
417,Meu Deus e Eu,Vida Cristâ | Oração e Comunhão,Gênesis 5:24,https://www.youtube.com/watch?v=6PQIM44_JY8,6PQIM44_JY8
418,O Jardim de Oração,Vida Cristâ | Oração e Comunhão,Mateus 26:36,https://www.youtube.com/watch?v=ZHX8eVD9KyU,ZHX8eVD9KyU
419,Bendita Hora de Oração,Vida Cristâ | Oração e Comunhão,Mateus 6:6,https://www.youtube.com/watch?v=RYhbS8Janr8,RYhbS8Janr8
420,Oh! Que Amigo em Cristo Temos!,Vida Cristâ | Oração e Comunhão,João 15:15,https://www.youtube.com/watch?v=NI4NXVlg5g4,NI4NXVlg5g4
421,Brando Qual Coro Celeste,Vida Cristâ | Oração e Comunhão,Apocalipse 3:20,https://www.youtube.com/watch?v=k-NUJCKpJ3o,k-NUJCKpJ3o
422,Assentado aos Pés de Cristo,Vida Cristâ | Oração e Comunhão,Lucas 10:38 e 39,https://www.youtube.com/watch?v=kFn5vPaQi5k,kFn5vPaQi5k
423,Música Celeste,Vida Cristâ | Oração e Comunhão,Lucas 2:13 e 14,https://www.youtube.com/watch?v=IU5qPCsBUPc,IU5qPCsBUPc
424,Como a Brisa Suave,Vida Cristâ | Oração e Comunhão,I Reis 19:11-13,https://www.youtube.com/watch?v=lqh1Dm1KL6o,lqh1Dm1KL6o
425,Que Tempo Já Faz?,Vida Cristâ | Oração e Comunhão,Mateus 26:40,https://www.youtube.com/watch?v=CaqFOqQcxu4,CaqFOqQcxu4
426,No Jardim,Vida Cristâ | Oração e Comunhão,"João 20:1, 11-18",https://www.youtube.com/watch?v=6lMsMDJgCQc,6lMsMDJgCQc
427,Mais Perto Quero Estar,Vida Cristâ | Oração e Comunhão,Salmo 145:18,https://www.youtube.com/watch?v=OOfIR9eGG08,OOfIR9eGG08
428,Glória Perene,Vida Cristâ | Vitória e Recompensa,Mateus 25:34,https://www.youtube.com/watch?v=pkxsoU9FHFc,pkxsoU9FHFc
429,Eu Face a Face Vê-Lo-ei,Vida Cristâ | Vitória e Recompensa,Jó 19:25-27,https://www.youtube.com/watch?v=AK5dYwJELjw,AK5dYwJELjw
430,O Eterno Lar,Vida Cristâ | Vitória e Recompensa,Hebreus 10:35-37,https://www.youtube.com/watch?v=lBcodHWIc90,lBcodHWIc90
431,"Sim, Glória Haverá no Final",Vida Cristâ | Vitória e Recompensa,Isaías 65:17-19,https://www.youtube.com/watch?v=aBoZzkxSrD8,aBoZzkxSrD8
432,Hei de Ver o Rei,Vida Cristâ | Vitória e Recompensa,Jó 19:25-27,https://www.youtube.com/watch?v=s2uYqSBjRqM,s2uYqSBjRqM
433,O Triunfo do Messias,Vida Cristâ | Vitória e Recompensa,Apocalipse 5:11-13,https://www.youtube.com/watch?v=4WU3-9Yd8W8,4WU3-9Yd8W8
434,Quando For Chamado,Vida Cristâ | Vitória e Recompensa,Mateus 25:31-34,https://www.youtube.com/watch?v=x7zKzQmJn3g,x7zKzQmJn3g
435,Estrelas Terei,Vida Cristâ | Vitória e Recompensa,Daniel 12:3,https://www.youtube.com/watch?v=ZKIb1BQ_VtQ,ZKIb1BQ_VtQ
436,Que Será Ver a Cristo,Vida Cristâ | Vitória e Recompensa,Apocalipse 1:7,https://www.youtube.com/watch?v=8KEgSPS_Jis,8KEgSPS_Jis
437,Vitória em Cristo,Vida Cristâ | Vitória e Recompensa,I Coríntios 15:57,https://www.youtube.com/watch?v=yYi8Dklw52M,yYi8Dklw52M
438,Hei de Vê-Lo,Vida Cristâ | Vitória e Recompensa,Isaías 25:9,https://www.youtube.com/watch?v=HRwyLLSJItc,HRwyLLSJItc
439,Primeiro Quero Ver Meu Salvador,Vida Cristâ | Vitória e Recompensa,Isaías 25:9,https://www.youtube.com/watch?v=ndZHtXki6EQ,ndZHtXki6EQ
440,Para Além das Montanhas,Vida Cristâ | Vitória e Recompensa,Isaías 65:17-19,https://www.youtube.com/watch?v=e_5KvcUSo-o,e_5KvcUSo-o
441,Junto ao Rio Jordão,Vida Cristâ | Vitória e Recompensa,Isaías 65:17-19,https://www.youtube.com/watch?v=2lTrv54CC8w,2lTrv54CC8w
442,Tão Grato me é Lembrar,Vida Cristâ | Vitória e Recompensa,Hebreus 10:35-37,https://www.youtube.com/watch?v=Q0NsZtIrrEo,Q0NsZtIrrEo
443,Eis Que as Estrelas Vêm,Vida Cristâ | Vitória e Recompensa,Isaías 25:9,https://www.youtube.com/watch?v=-nrdW1AFHgc,-nrdW1AFHgc
444,Face a Face,Vida Cristâ | Vitória e Recompensa,I Tessalonicenses 4:16 e 17,https://www.youtube.com/watch?v=pz0WGzaTIIg,pz0WGzaTIIg
445,As Riquezas Mundanas Nada Valem,Vida Cristâ | Vitória e Recompensa,Filipenses 3:7-9,https://www.youtube.com/watch?v=WoMVDItfhNs,WoMVDItfhNs
446,Junto ao Trono de Deus,Vida Cristâ | Vitória e Recompensa,Isaías 65:17-19,https://www.youtube.com/watch?v=n6cZkGK0slM,n6cZkGK0slM
447,Almas Gêmeas,Lar Cristão | Casamento,Efésios 5:31,https://www.youtube.com/watch?v=-6K03WaEUrU,-6K03WaEUrU
448,Duas Vidas,Lar Cristão | Casamento,Gênesis 2:23 e 24,https://www.youtube.com/watch?v=FLksx33bOfI,FLksx33bOfI
449,Perfeito Amor,Lar Cristão | Casamento,Efésios 5:31,https://www.youtube.com/watch?v=OQgdS0MIsFg,OQgdS0MIsFg
450,Abençoa Este Lar,Lar Cristão | Lar,Salmo 127,https://www.youtube.com/watch?v=MshHhwivSaw,MshHhwivSaw
451,Recordação da Infância,Lar Cristão | Lar,II Timóteo 3:14 e 15,https://www.youtube.com/watch?v=i41rVaFqL8k,i41rVaFqL8k
452,Meu Nome na Oração,Lar Cristão | Lar,II Timóteo 3:14 e 15,https://www.youtube.com/watch?v=cSKWvz5ESj8,cSKWvz5ESj8
453,Amor no Lar,Lar Cristão | Lar,Efésios 5:25,https://www.youtube.com/watch?v=RPFSIwWgBFk,RPFSIwWgBFk
454,Vem Entre Nós Morar,Lar Cristão | Lar,Apocalipse 3:20,https://www.youtube.com/watch?v=JD0ASrFrwAc,JD0ASrFrwAc
455,Oração Para Uma Criança,Lar Cristão | Criança,Lucas 2:22,https://www.youtube.com/watch?v=WpgSDz1CAoQ,WpgSDz1CAoQ
456,Sabes Quantas Estrelinhas?,Lar Cristão | Criança,Isaías 40:26,https://www.youtube.com/watch?v=iDGcfnXilvY,iDGcfnXilvY
457,"Sim, Cristo me Ama",Lar Cristão | Criança,João 15:9,https://www.youtube.com/watch?v=jJGDTGI8Wy0,jJGDTGI8Wy0
458,"Vinde, Meninos",Lar Cristão | Criança,Mateus 19:13-15,https://www.youtube.com/watch?v=Tsk82DThVTc,Tsk82DThVTc
459,Cristo Ama as Criancinhas,Lar Cristão | Criança,Marcos 10:13-16,https://www.youtube.com/watch?v=GdeenSlQPCQ,GdeenSlQPCQ
460,Jesus me Quer Bem,Lar Cristão | Criança,João 15:9,https://www.youtube.com/watch?v=OJNiEGlJJG4,OJNiEGlJJG4
461,Deus Sempre me Ama,Lar Cristão | Criança,João 3:16,https://www.youtube.com/watch?v=Ebnb5z85Blw,Ebnb5z85Blw
462,Joias Preciosas,Lar Cristão | Criança,Daniel 12:3,https://www.youtube.com/watch?v=OAkl9PaMz0U,OAkl9PaMz0U
463,"Brilhando, Brilhando!",Lar Cristão | Criança,Mateus 5:16,https://www.youtube.com/watch?v=Tp6DlWncjD4,Tp6DlWncjD4
464,Belas Mãozinhas,Lar Cristão | Criança,Mateus 20:27 e 28,https://www.youtube.com/watch?v=NL1xxwo_NLg,NL1xxwo_NLg
465,Brilhemos por Jesus,Lar Cristão | Criança,Mateus 5:14,https://www.youtube.com/watch?v=pHKN1scYoqY,pHKN1scYoqY
466,Louvai-O,Lar Cristão | Criança,Salmo 135:1-3,https://www.youtube.com/watch?v=zWO5tOh31Os,zWO5tOh31Os
467,Ouço o Clamor do Bom Pastor,Lar Cristão | Criança,João 10:14,https://www.youtube.com/watch?v=XQrOlfdSUeo,XQrOlfdSUeo
468,Preceitos Para os Pequenos,Lar Cristão | Criança,Salmo 119:73,https://www.youtube.com/watch?v=pdFe5zExlRY,pdFe5zExlRY
469,Oh! Que Esperança!,Lar Cristão | Jovem,Tito 2:13,https://www.youtube.com/watch?v=cMGKyHwEM64,cMGKyHwEM64
470,O Senhor Está Aqui,Lar Cristão | Jovem,Habacuque 2:20,https://www.youtube.com/watch?v=kEHmPsbb55o,kEHmPsbb55o
471,Confiei no Meu Senhor,Lar Cristão | Jovem,Salmo 40:1-4,https://www.youtube.com/watch?v=rlnBJyyQsFs,rlnBJyyQsFs
472,Deus é Tão Bom,Lar Cristão | Jovem,Salmo 34:8,https://www.youtube.com/watch?v=zG-OOQO7aZk,zG-OOQO7aZk
473,"Maravilhoso És, Meu Mestre",Lar Cristão | Jovem,Isaías 9:6,https://www.youtube.com/watch?v=DZ1DWlRxiQg,DZ1DWlRxiQg
474,Seguindo a Jesus,Lar Cristão | Jovem,Mateus 9:9,https://www.youtube.com/watch?v=e4hs5Hg4noM,e4hs5Hg4noM
475,Diante da Face de Cristo,Lar Cristão | Jovem,II Coríntios 4:6,https://www.youtube.com/watch?v=G9lo3eqNY74,G9lo3eqNY74
476,Eu Achei,Lar Cristão | Jovem,João 1:41,https://www.youtube.com/watch?v=4P4UCXhFvUA,4P4UCXhFvUA
477,Canção da Vida,Lar Cristão | Jovem,Salmo 89:1,https://www.youtube.com/watch?v=WTRsVys8plY,WTRsVys8plY
478,"Jesus, Tu És a Minha Vida",Lar Cristão | Jovem,João 14:6,https://www.youtube.com/watch?v=FhFfDz_uPos,FhFfDz_uPos
479,Querido Jesus,Lar Cristão | Jovem,Salmo 116:1 e 2,https://www.youtube.com/watch?v=JpoEmfbykrc,JpoEmfbykrc
480,Em Tuas Mãos,Lar Cristão | Jovem,Isaías 41:13,https://www.youtube.com/watch?v=tvu434AeTHo,tvu434AeTHo
481,Nos Passos de Jesus,Lar Cristão | Jovem,Salmo 17:5,https://www.youtube.com/watch?v=bdAbKOCRnH0,bdAbKOCRnH0
482,Jesus Precisa de Ti,Lar Cristão | Jovem,I João 2:14,https://www.youtube.com/watch?v=CsmtwENXaOY,CsmtwENXaOY
483,Partilhai Vossa Fé,Lar Cristão | Jovem,I Timóteo 4:12,https://www.youtube.com/watch?v=5pgyE4Ql6-0,5pgyE4Ql6-0
484,Faze Como Daniel,Lar Cristão | Jovem,Daniel 1:8 e 9,https://www.youtube.com/watch?v=SrIHC65W1-Q,SrIHC65W1-Q
485,"Levantai-vos, Jovens",Lar Cristão | Jovem,I João 2:14,https://www.youtube.com/watch?v=9dJcfJl0ZT0,9dJcfJl0ZT0
486,Sal da Terra,Lar Cristão | Jovem,Mateus 5:13,https://www.youtube.com/watch?v=ieMIqw5jH7E,ieMIqw5jH7E
487,"Cristo, Conta Comigo Agora!",Lar Cristão | Jovem,Mateus 4:18-20,https://www.youtube.com/watch?v=MQAQOiGcayc,MQAQOiGcayc
488,Novo Canto Há em Meu Ser,Lar Cristão | Jovem,Salmo 40:1-3,https://www.youtube.com/watch?v=umWJg2UZq-E,umWJg2UZq-E
489,Grande Alegria,Lar Cristão | Jovem,Isaías 35:10,https://www.youtube.com/watch?v=jSIIdOz8rRk,jSIIdOz8rRk
490,Caminhando,Lar Cristão | Jovem,Isaías 40:31,https://www.youtube.com/watch?v=eR3OtQPJy9M,eR3OtQPJy9M
491,Além do Céu Azul,Lar Cristão | Jovem,João 14:1-3,https://www.youtube.com/watch?v=tXuaet3bYWU,tXuaet3bYWU
492,Lado a Lado,Lar Cristão | Jovem,João 13:34 e 35,https://www.youtube.com/watch?v=U4kcxuZlrVE,U4kcxuZlrVE
493,Minha Mão em Tua Mão,Lar Cristão | Jovem,Salmo 40:1-3,https://www.youtube.com/watch?v=EQfT_ULNST8,EQfT_ULNST8
494,"Vem Dedicar-te, ó Mocidade",Lar Cristão | Jovem,Eclesiastes 12:1,https://www.youtube.com/watch?v=hS_Z5BqQkRI,hS_Z5BqQkRI
495,Haja Paz na Terra,Lar Cristão | Jovem,Salmo 122:6-8,https://www.youtube.com/watch?v=p66OTGSZRsA,p66OTGSZRsA
496,"Cristo, Dá-nos Tua Paz",Lar Cristão | Jovem,João 14:27,https://www.youtube.com/watch?v=eeJVchBZyCA,eeJVchBZyCA
497,Queremos Dar Louvor,Lar Cristão | Jovem,Salmo 115:17 e 18,https://www.youtube.com/watch?v=sGcxI9q5IDs,sGcxI9q5IDs
498,Nada Impossível É,Lar Cristão | Jovem,Marcos 10:27,https://www.youtube.com/watch?v=QWY1W3SkcM8,QWY1W3SkcM8
499,Não Me Esqueci de Ti,Lar Cristão | Jovem,Isaías 49:15,https://www.youtube.com/watch?v=b3ItQJq-W2E,b3ItQJq-W2E
500,"Deus Sabe, Deus Ouve, Deus Vê",Lar Cristão | Jovem,"Êxodo 3:7, 8 e 10",https://www.youtube.com/watch?v=us0A93A9BB8,us0A93A9BB8
501,Mansão Sobre o Monte,Lar Cristão | Jovem,Isaías 11:6-9,https://www.youtube.com/watch?v=i2Ptg7ATi8U,i2Ptg7ATi8U
502,Vaso Novo,Lar Cristão | Jovem,Jeremias 18:3-6,https://www.youtube.com/watch?v=RK7zrKPyqpw,RK7zrKPyqpw
503,Deixa-me Contigo Andar,Lar Cristão | Jovem,Gênesis 5:24,https://www.youtube.com/watch?v=30aZA8nDg74,30aZA8nDg74
504,Da Igreja o Fundamento,Igreja e Doutrinas | Igreja,I Coríntios 3:11,https://www.youtube.com/watch?v=2Xly8QcPNa4,2Xly8QcPNa4
505,Somos um Pequeno Povo,Igreja e Doutrinas | Igreja,Isaías 41:14,https://www.youtube.com/watch?v=MvjlujH8j_w,MvjlujH8j_w
506,Fortalece Tua Igreja,Igreja e Doutrinas | Igreja,Habacuque 3:2,https://www.youtube.com/watch?v=3WaqV6OJuSU,3WaqV6OJuSU
507,Ó Vem à Igreja Comigo,Igreja e Doutrinas | Igreja,Salmo 122:1-4,https://www.youtube.com/watch?v=eo5qfZASXgs,eo5qfZASXgs
508,Rumo à Escola Sabatina,Igreja e Doutrinas | Escola Sabatina,II Timóteo 2:15,https://www.youtube.com/watch?v=qhmHKgD1_cw,qhmHKgD1_cw
509,A Escola Sabatina,Igreja e Doutrinas | Escola Sabatina,Salmo 25:4 e 5,https://www.youtube.com/watch?v=vQsswG4kZjw,vQsswG4kZjw
510,Meu Jesus Está Chamando,Igreja e Doutrinas | Batismo,Mateus 9:9,https://www.youtube.com/watch?v=_yChrnnQ6XY,_yChrnnQ6XY
511,Oh! Que Belos Hinos,Igreja e Doutrinas | Batismo,Lucas 15:7,https://www.youtube.com/watch?v=lo7A70O1Cd0,lo7A70O1Cd0
512,Às Águas do Jordão,Igreja e Doutrinas | Batismo,Mateus 3:13-17,https://www.youtube.com/watch?v=5hqsnxNfyjE,5hqsnxNfyjE
513,As Águas Batismais,Igreja e Doutrinas | Batismo,Romanos 6:3 e 4,https://www.youtube.com/watch?v=XvXFUStJ3-I,XvXFUStJ3-I
514,O Alvo Supremo,Igreja e Doutrinas | Batismo,II Timóteo 4:7 e 8,https://www.youtube.com/watch?v=Cv5m2Tp4iwg,Cv5m2Tp4iwg
515,Importa Renascer,Igreja e Doutrinas | Batismo,João 3:1-3,https://www.youtube.com/watch?v=RViTfyV5Gs0,RViTfyV5Gs0
516,Agora Posso Ver,Igreja e Doutrinas | Batismo,Zacarias 13:1,https://www.youtube.com/watch?v=1jg58BwHZn4,1jg58BwHZn4
517,Volto ao Lar,Igreja e Doutrinas | Batismo,Lucas 15:11-24,https://www.youtube.com/watch?v=cTZwJL5Dr-4,cTZwJL5Dr-4
518,A Jesus Seguir Eu Quero,Igreja e Doutrinas | Batismo,Mateus 16:24 e 25,https://www.youtube.com/watch?v=oS1Hdd_3NNk,oS1Hdd_3NNk
519,O Pão da Vida,Igreja e Doutrinas | Santa Ceia,João 6:51,https://www.youtube.com/watch?v=qRvsoWKBOFM,qRvsoWKBOFM
520,A Ceia do Senhor,Igreja e Doutrinas | Santa Ceia,I Coríntios 11:23-26,https://www.youtube.com/watch?v=vEeRfucEKD8,vEeRfucEKD8
521,"Senhor, Tu nos Convidas",Igreja e Doutrinas | Santa Ceia,Mateus 26:26-28,https://www.youtube.com/watch?v=eQ3VDcVQzrw,eQ3VDcVQzrw
522,Pelo Pão Nós Oramos,Igreja e Doutrinas | Santa Ceia,I Coríntios 11:23 e 24,https://www.youtube.com/watch?v=7UbxL6VO7Mo,7UbxL6VO7Mo
523,Envio a Ti,Igreja e Doutrinas | Ordenação,João 20:21 e 22,https://www.youtube.com/watch?v=aRWfs_7N2MM,aRWfs_7N2MM
524,Quem se Dispõe a Ir?,Igreja e Doutrinas | Ordenação,Isaías 6:8,https://www.youtube.com/watch?v=AkaCOQIGtz0,AkaCOQIGtz0
525,Obedecer é Melhor,Igreja e Doutrinas | Lei de Deus,I Samuel 15:22,https://www.youtube.com/watch?v=IB14XbWDogw,IB14XbWDogw
526,A Lei do Meu Senhor,Igreja e Doutrinas | Lei de Deus,Salmo 19:7,https://www.youtube.com/watch?v=ztox7db_oDs,ztox7db_oDs
527,Sábado do Meu Senhor,Igreja e Doutrinas | Sábado,Isaías 58:13 e 14,https://www.youtube.com/watch?v=YfIsP07sGos,YfIsP07sGos
528,Sábado,Igreja e Doutrinas | Sábado,Gênesis 2:2 e 3,https://www.youtube.com/watch?v=9kaa_QqHt8U,9kaa_QqHt8U
529,A Semana Já Passou,Igreja e Doutrinas | Sábado,Salmo 100,https://www.youtube.com/watch?v=By7BLBhyDeA,By7BLBhyDeA
530,O Sábado Chegou,Igreja e Doutrinas | Sábado,Êxodo 20:8-11,https://www.youtube.com/watch?v=gkmsELkTQfc,gkmsELkTQfc
531,Do Santo Sábado És Senhor,Igreja e Doutrinas | Sábado,Marcos 2:27 e 28,https://www.youtube.com/watch?v=3n25PL4E-jA,3n25PL4E-jA
532,Bem-vindo o Sábado,Igreja e Doutrinas | Sábado,Isaías 58:13 e 14,https://www.youtube.com/watch?v=0KuRez1vSGw,0KuRez1vSGw
533,Cristo Salva,Igreja e Doutrinas | Justificação,Efésios 2:8,https://www.youtube.com/watch?v=-xmaWFOgsK4,-xmaWFOgsK4
534,Salvo em Jesus,Igreja e Doutrinas | Justificação,I João 5:11-13,https://www.youtube.com/watch?v=dwIAT9Hbrfw,dwIAT9Hbrfw
535,Para o Céu por Jesus Irei,Igreja e Doutrinas | Justificação,João 14:6,https://www.youtube.com/watch?v=xNJCvPYg53s,xNJCvPYg53s
536,Por um Pecador Qual Eu,Igreja e Doutrinas | Justificação,I Timóteo 1:15,https://www.youtube.com/watch?v=tssbR4xZA3E,tssbR4xZA3E
537,Cristo Salva o Pecador,Igreja e Doutrinas | Justificação,Romanos 5:8 e 9,https://www.youtube.com/watch?v=qTk1591_zX8,qTk1591_zX8
538,Ó Vem a Jesus,Igreja e Doutrinas | Justificação,I João 2:1 e 2,https://www.youtube.com/watch?v=xsPX6bZveLo,xsPX6bZveLo
539,Justificado,Igreja e Doutrinas | Justificação,Romanos 5:1 e 2,https://www.youtube.com/watch?v=SYjW1az1zlg,SYjW1az1zlg
540,A Revelação da Cruz,Igreja e Doutrinas | Justificação,João 9:24 e 25,https://www.youtube.com/watch?v=I1tV9IAeJ9M,I1tV9IAeJ9M
541,De Jesus a Doce Voz,Igreja e Doutrinas | Justificação,I João 1:9,https://www.youtube.com/watch?v=olUoNTngj2E,olUoNTngj2E
542,Jesus é o Salvador,Igreja e Doutrinas | Justificação,Atos 4:12,https://www.youtube.com/watch?v=_hjUajHlEYw,_hjUajHlEYw
543,Na Balança do Senhor,Igreja e Doutrinas | Juizo Final,Daniel 5:25-27,https://www.youtube.com/watch?v=U-HvbbJs_JQ,U-HvbbJs_JQ
544,O Juízo,Igreja e Doutrinas | Juizo Final,Daniel 7:9 e 10,https://www.youtube.com/watch?v=t2z6QLMeg8U,t2z6QLMeg8U
545,Vem o Grande Dia,Igreja e Doutrinas | Juizo Final,Sofonias 1:14,https://www.youtube.com/watch?v=VjmQWdqqMDQ,VjmQWdqqMDQ
546,Quando o Livro Aberto For,Igreja e Doutrinas | Juizo Final,Apocalipse 20:11 e 12,https://www.youtube.com/watch?v=Ev-6AJ5QD-4,Ev-6AJ5QD-4
547,Oh! Bela Terra de Esplendor,Igreja e Doutrinas | Nova Terra,Apocalipse 21:1-5,https://www.youtube.com/watch?v=VWMmPCO9RCM,VWMmPCO9RCM
548,Há um País de Eterna Luz,Igreja e Doutrinas | Nova Terra,Isaías 65:17-19,https://www.youtube.com/watch?v=-sBmrfpfIbE,-sBmrfpfIbE
549,A Glória Suprema,Igreja e Doutrinas | Nova Terra,Daniel 12:3,https://www.youtube.com/watch?v=B4TSP44-x28,B4TSP44-x28
550,Marchando para Sião,Igreja e Doutrinas | Nova Terra,Isaías 35:10,https://www.youtube.com/watch?v=hMmhae2_ozE,hMmhae2_ozE
551,Muito Além do Sol,Igreja e Doutrinas | Nova Terra,I Coríntios 2:9,https://www.youtube.com/watch?v=fpp_hmF6XjQ,fpp_hmF6XjQ
552,Cristo Foi Preparar-nos Lugar,Igreja e Doutrinas | Nova Terra,João 14:1-3,https://www.youtube.com/watch?v=2Acd33u4lfY,2Acd33u4lfY
553,Junto ao Rio Cristalino,Igreja e Doutrinas | Nova Terra,Apocalipse 22:1,https://www.youtube.com/watch?v=WkeHZ7efEW8,WkeHZ7efEW8
554,Vamos Ver Jesus Ali,Igreja e Doutrinas | Nova Terra,Mateus 25:31 e 34,https://www.youtube.com/watch?v=HrzPN2_PwPY,HrzPN2_PwPY
555,Até Então,Igreja e Doutrinas | Nova Terra,Apocalipse 21:1-4,https://www.youtube.com/watch?v=6PN3UhYU6h0,6PN3UhYU6h0
556,A Bela Cidade,Igreja e Doutrinas | Nova Terra,I Coríntios 2:9,https://www.youtube.com/watch?v=VxPRSKTfoSw,VxPRSKTfoSw
557,"Grandes Coisas, Mui Gloriosas",Igreja e Doutrinas | Nova Terra,Isaías 35:10,https://www.youtube.com/watch?v=FQqXCf62vwE,FQqXCf62vwE
558,Meu Doce Lar,Igreja e Doutrinas | Nova Terra,João 14:1-3,https://www.youtube.com/watch?v=yBeEFTuQh9M,yBeEFTuQh9M
559,Feliz Manhã,Igreja e Doutrinas | Nova Terra,Isaías 25:9,https://www.youtube.com/watch?v=xdwE3UXG4B0,xdwE3UXG4B0
560,A Cidade de Ouro e Cristal,Igreja e Doutrinas | Nova Terra,Apocalipse 22:1-5,https://www.youtube.com/watch?v=cjwUbSxCIw8,cjwUbSxCIw8
561,No Celeste Lar Glorioso,Igreja e Doutrinas | Nova Terra,Apocalipse 21:9-27,https://www.youtube.com/watch?v=JhfHo-oCj2c,JhfHo-oCj2c
562,Quão Doce é a Promessa,Igreja e Doutrinas | Nova Terra,João 14:1-3,https://www.youtube.com/watch?v=QBfGmPcMIdw,QBfGmPcMIdw
563,Querido Lar,Igreja e Doutrinas | Nova Terra,Isaías 65:17-19,https://www.youtube.com/watch?v=jOySMqVmHCQ,jOySMqVmHCQ
564,Jamais se Diz Adeus Ali,Igreja e Doutrinas | Nova Terra,Isaías 65:17-19,https://www.youtube.com/watch?v=4EUoUa4Bw68,4EUoUa4Bw68
565,Oh! Nunca Separar!,Igreja e Doutrinas | Nova Terra,Apocalipse 21:3 e 4,https://www.youtube.com/watch?v=KtL2vnoYJBI,KtL2vnoYJBI
566,Doce Lar,Igreja e Doutrinas | Nova Terra,Mateus 25:34,https://www.youtube.com/watch?v=s9tyU3HlJ3U,s9tyU3HlJ3U
567,A Cidade de Luz,Igreja e Doutrinas | Nova Terra,Apocalipse 22:1-5,https://www.youtube.com/watch?v=snFNyA4v23Q,snFNyA4v23Q
568,"Lar, Doce Lar",Igreja e Doutrinas | Nova Terra,Isaías 66:22,https://www.youtube.com/watch?v=dnYZttoirf8,dnYZttoirf8
569,"Oh, Vale do Éden, Formoso!",Igreja e Doutrinas | Nova Terra,Isaías 51:3,https://www.youtube.com/watch?v=eP_tvcHLD_g,eP_tvcHLD_g
570,Além do Rio,Igreja e Doutrinas | Nova Terra,Salmo 46:4 e 5,https://www.youtube.com/watch?v=SIQHfWeDB_Q,SIQHfWeDB_Q
571,Lindo País,Igreja e Doutrinas | Nova Terra,Isaías 65:17-19,https://www.youtube.com/watch?v=IvxWP6kdxao,IvxWP6kdxao
572,Lar Feliz,Igreja e Doutrinas | Nova Terra,João 14:1-3,https://www.youtube.com/watch?v=mqIPzFPYfGE,mqIPzFPYfGE
573,O Senhor Está em Seu Templo,Cânticos Responsivos | Entrada à Plataforma,Habacuque 2:20,https://www.youtube.com/watch?v=WBMkmGFKMus,WBMkmGFKMus
574,Deus Está Presente,Cânticos Responsivos | Entrada à Plataforma,Salmo 46:10 e 11,https://www.youtube.com/watch?v=PZuIApf1R1A,PZuIApf1R1A
575,Silêncio,Cânticos Responsivos | Entrada à Plataforma,Salmo 46:10,https://www.youtube.com/watch?v=VlQFqRlviRk,VlQFqRlviRk
576,"Pai, Sê Presente",Cânticos Responsivos | Entrada à Plataforma,Salmo 145:18,https://www.youtube.com/watch?v=SMwsEKdPoGo,SMwsEKdPoGo
577,"Santo És, Senhor",Cânticos Responsivos | Entrada à Plataforma,Salmo 145:17,https://www.youtube.com/watch?v=r-x7bVT4Ga4,r-x7bVT4Ga4
578,Sinto a Presença do Senhor,Cânticos Responsivos | Entrada à Plataforma,Gênesis 28:16 e 17,https://www.youtube.com/watch?v=5Ud0hxsx0Bc,5Ud0hxsx0Bc
579,"Eu Te Amo, ó Deus",Cânticos Responsivos | Entrada à Plataforma,Salmo 116:1 e 2,https://www.youtube.com/watch?v=BZufw8eqsXw,BZufw8eqsXw
580,Invocação,Cânticos Responsivos | Entrada à Plataforma,Salmo 46:11,https://www.youtube.com/watch?v=RN-i3JtTHkE,RN-i3JtTHkE
581,Adoração,Cânticos Responsivos | Doxologia,Salmo 113:1 e 2,https://www.youtube.com/watch?v=qqs-Kzi7PSM,qqs-Kzi7PSM
582,"Vem, Senhor",Cânticos Responsivos | Doxologia,Salmo 106:1,https://www.youtube.com/watch?v=815Y0mIUN3M,815Y0mIUN3M
583,Glória a Deus,Cânticos Responsivos | Doxologia,Salmo 66:1 e 2,https://www.youtube.com/watch?v=vkCQZvXaWwE,vkCQZvXaWwE
584,"Oh, Como é Bom Louvar",Cânticos Responsivos | Doxologia,Salmo 92:1 e 2,https://www.youtube.com/watch?v=Rsd1aYu9dxA,Rsd1aYu9dxA
585,Oh! Adorai,Cânticos Responsivos | Doxologia,Salmo 29:1 e 2,https://www.youtube.com/watch?v=uQa-XvRQp-U,uQa-XvRQp-U
586,Doxologia,Cânticos Responsivos | Doxologia,Salmo 136:1,https://www.youtube.com/watch?v=wEWKCZDyV6A,wEWKCZDyV6A
587,"Santo, Santo",Cânticos Responsivos | Doxologia,Salmo 95:6,https://www.youtube.com/watch?v=7Lf9d7TadNI,7Lf9d7TadNI
588,Bendito Jesus!,Cânticos Responsivos | Doxologia,Salmo 106:4 e 5,https://www.youtube.com/watch?v=aj-87dB2N-w,aj-87dB2N-w
589,A Melhor Dádiva,Cânticos Responsivos | Ofertório,Provérbios 23:26,https://www.youtube.com/watch?v=U4Kww6iwVWs,U4Kww6iwVWs
590,"Adoração a Ti, Senhor",Cânticos Responsivos | Ofertório,Salmo 96:7 e 8,https://www.youtube.com/watch?v=dCfA3nOq0nA,dCfA3nOq0nA
591,Ofertório,Cânticos Responsivos | Ofertório,Malaquias 3:10,https://www.youtube.com/watch?v=ZE3i12lnVOA,ZE3i12lnVOA
592,"Pai, Imploramos",Cânticos Responsivos | Responsos,Salmo 143:1,https://www.youtube.com/watch?v=IiH0mRqsxQU,IiH0mRqsxQU
593,"Ao Orarmos, Senhor",Cânticos Responsivos | Responsos,Salmo 55:1,https://www.youtube.com/watch?v=lHiKagQNQYM,lHiKagQNQYM
594,"Ouve-nos, Senhor",Cânticos Responsivos | Responsos,Salmo 55:1,https://www.youtube.com/watch?v=OL0DiKG2qP8,OL0DiKG2qP8
595,Ao Meu Coração,Cânticos Responsivos | Responsos,Salmo 61:1 e 2,https://www.youtube.com/watch?v=Osa9qsHWHNY,Osa9qsHWHNY
596,Vem Morar em Mim,Cânticos Responsivos | Responsos,Salmo 71:3,https://www.youtube.com/watch?v=dUFI1DyWFyE,dUFI1DyWFyE
597,Humilde Oração,Cânticos Responsivos | Responsos,Salmo 51:10,https://www.youtube.com/watch?v=sK2pubz9rxA,sK2pubz9rxA
598,"Vem, Espírito Santo",Cânticos Responsivos | Responsos,Salmo 71:3,https://www.youtube.com/watch?v=LBh_53luLjQ,LBh_53luLjQ
599,Paz,Cânticos Responsivos | Responsos,Isaías 26:3,https://www.youtube.com/watch?v=oKjfAvdyaCI,oKjfAvdyaCI
600,Deus Esteja em Mim,Cânticos Responsivos | Fim do Culto,Salmo 121:7 e 8,https://www.youtube.com/watch?v=ZupryxEVWNs,ZupryxEVWNs
601,A Mão de Deus,Cânticos Responsivos | Fim do Culto,Salmo 73:23 e 24,https://www.youtube.com/watch?v=suR8WGCGEFg,suR8WGCGEFg
602,"Graça, Amor e Comunhão",Cânticos Responsivos | Fim do Culto,II Coríntios 13:13,https://www.youtube.com/watch?v=S94qh2eYydk,S94qh2eYydk
603,Benditos Laços,Cânticos Responsivos | Fim do Culto,Salmo 133:1,https://www.youtube.com/watch?v=mcWrYMAnqaQ,mcWrYMAnqaQ
604,Preitos de Louvor,Cânticos Responsivos | Fim do Culto,Salmo 48:14,https://www.youtube.com/watch?v=IdwUjggREx0,IdwUjggREx0
605,Vem Despedir-nos,Cânticos Responsivos | Fim do Culto,Hebreus 13:20 e 21,https://www.youtube.com/watch?v=jI5lWzOkw-0,jI5lWzOkw-0
606,"Amigo, Não Saia Sem Cristo",Cânticos Responsivos | Fim do Culto,Hebreus 4:15 e 16,https://www.youtube.com/watch?v=y3c17T_n_dA,y3c17T_n_dA
607,Fim de Culto,Cânticos Responsivos | Fim do Culto,Judas 24 e 25,https://www.youtube.com/watch?v=nK0W_FRMkDM,nK0W_FRMkDM
608,Que Deus Te Abençoe,Cânticos Responsivos | Fim do Culto,Números 6:24-26,https://www.youtube.com/watch?v=4rqqJY4quUw,4rqqJY4quUw
609,Pai Nosso,Cânticos Responsivos | Fim do Culto,Mateus 6:9-13,https://www.youtube.com/watch?v=tDkI52R2HyE,tDkI52R2HyE
610,Amém A,Améns,Salmo 72:18 e 19,https://www.youtube.com/watch?v=NiEh7cKn96Y,NiEh7cKn96Y
611,Amém B,Améns,Salmo 72:18 e 19,https://www.youtube.com/watch?v=nWCIqOuIDss,nWCIqOuIDss
612,Amém C,Améns,Salmo 72:18 e 19,https://www.youtube.com/watch?v=KzOVmI1d_Qo,KzOVmI1d_Qo
613,Amém D,Améns,Salmo 72:18 e 19,https://www.youtube.com/watch?v=HbSDHeCrReo,HbSDHeCrReo
